id	seg	age	sex	occupation	province	district	tags	summary
A0001	A	33	여자	경리 사무원	인천	인천-연수구	#고디지털 #직장인	황혜란 씨는 인천 연수구의 가구 제조 기업 경리로 근무하며, 성실한 실무 능력과 정갈한 취향으로 안정적인 일상을 가꾸어 나가는…
A0002	A	31	남자	강구조물 가공원	경상북	경상북-영주시	#직장인	김준수 씨는 경북 영주에서 정밀한 철강 가공 일을 하며 성시경의 노래와 홈메이드 파스타, 그리고 가족과의 맛집 탐방으로 소박하…
A0003	A	27	남자	무직	경기	경기-파주시	#비경제활동 #테크회의론	이태훈 씨는 파주에서 3세대가 함께 사는 집의 막내로, 정해진 규칙이 있는 안정적인 삶을 갈망하며 e스포츠 분석과 피부 관리에…
A0004	A	26	남자	무직	서울	서울-마포구	#비경제활동	박현식 씨는 마포구에 거주하는 26세 무직자로, 보수적인 가족 환경 속에서 자신만의 디지털 취향과 실용적인 가치관을 지키며 안…
A0005	A	22	남자	무직	서울	서울-송파구	#고디지털 #비경제활동	김재성 씨는 실용적인 영상 편집 기술을 가진 송파구 거주 취준생으로, LCK 시청과 맛집 탐방을 즐기지만 건강 관리가 시급한 …
A0006	A	38	여자	그 외 화학제품 생산기 조작원	울산	울산-동구	#직장인 #테크회의론	김수진 씨는 울산의 의약품 공장에서 원칙을 준수하며 성실하게 근무하고, 정적인 휴식과 소소한 혼자만의 시간을 소중히 여기는 3…
A0007	A	23	남자	무직	경기	경기-부천시 소사구	#비경제활동	최도성 씨는 부천에 거주하며 실무 기술을 통한 자립을 꿈꾸는, 꼼꼼한 성격의 23세 식도락가입니다.
A0008	A	22	남자	전직 양식 조리사, 현재 구직중	서울	서울-송파구	#비경제활동	김찬민 씨는 정교한 양식 조리 기술을 가진 22세 구직자로, 송파구에서 홀로 지내며 정적인 휴식과 요리에 대한 자신만의 기준을…
A0009	A	38	여자	무직	경기	경기-안양시 만안구	#가격깐깐 #고디지털 #비경제활동	원상희 씨는 꼼꼼한 업무 처리 능력과 강한 독립심을 가졌으며, 현재는 소박한 취미 생활과 외식을 즐기며 재취업을 준비하는 30…
A0010	A	33	남자	일반 경찰관 및 수사관	세종	세종-세종시	#직장인	최동현 씨는 공학적 식견을 갖춘 세종시의 경찰관으로, 안정적인 주거 기반 위에서 전자기기와 카페 탐방이라는 소소한 취미를 통해…
A0011	A	35	여자	해외 영업원	부산	부산-기장군	#직장인	김은정 씨는 인문학적 소양을 해외 영업에 접목한 전문성과 미식에 대한 집착, 그리고 홀로 지내는 고요한 삶이 공존하는 30대 …
A0012	A	24	남자	무직	대전	대전-유성구	#비경제활동	정재윤 씨는 정밀한 설계 능력을 갖췄지만 취업 준비의 불안함과 건강 관리라는 숙제를 안고 살아가는 대전 유성구의 24세 공학도…
A0013	A	21	여자	전직 일반 비서, 현재 구직중	서울	서울-동대문구	#비경제활동	최수민 씨는 동대문구에 거주하며 정교한 업무 능력과 느긋한 생활 태도가 공존하는, 예술적 감수성을 지닌 21세 구직자입니다.
A0014	A	24	남자	치과위생사	경기	경기-부천시 오정구	#직장인	길태환 씨는 부천에서 근무하는 유능한 치과위생사로, 맛집 탐방과 게임을 즐기며 독립을 꿈꾸는 현실적인 20대 청년입니다.
A0015	A	33	여자	육군 부사관	대전	대전-유성구	#직장인	김소희 씨는 유성구의 자가 아파트에서 친구들과 거주하며, 군의 절도 있는 책임감과 30대의 트렌디한 여유 사이에서 균형을 잡고…
A0016	A	24	남자	상·하수 배관공	서울	서울-중랑구	#직장인	조세현 씨는 공학적 지식과 현장의 거친 실무를 결합해 누수 지점을 정확히 짚어내는, 자유로운 영혼의 20대 배관 전문가입니다.
A0017	A	20	남자	전기 관련 관리자	충청남	충청남-천안시 동남구	#직장인	김정록 씨는 전기 관리자로서의 냉철한 전문성과 소품 수집가의 예술적 감성을 동시에 지닌, 건강 관리가 시급한 20세 청년입니다…
A0018	A	33	여자	음식 서비스 종사원	제주	제주-제주시	#직장인	이다연 씨는 제주시에서 식당 일을 하며 당뇨 관리와 평온한 일상 사이의 균형을 찾아가려 노력하는 33세 여성입니다.
A0019	A	20	남자	경영 기획 사무원	경기	경기-의정부시	#고디지털 #직장인	유주현 씨는 의정부 인쇄소에서 근무하는 20세 사무원으로, 실용적인 삶의 태도와 Z세대 특유의 디지털 소통 방식을 가진 성실하…
A0020	A	28	여자	철도운송 관련 종사원	전북	전북-전주시 완산구	#직장인	최은재 씨는 전주에서 철도 운송 실무자로 일하며 꼼꼼한 성격과 디저트 취향, 건강 관리에 대한 고민을 동시에 가진 20대 후반…
A0021	A	22	여자	마케팅 전문가	경기	경기-군포시	#고디지털 #직장인	이지현 씨는 교육 마케팅 분야에서 탁월한 성과를 내며 고소득을 올리는 22세 사회초년생으로, 화려한 사회적 모습 뒤에 예민함과…
A0022	A	32	남자	경영 기획 사무원	광주	광주-광산구	#고디지털 #직장인 #테크회의론	조동준 씨는 광주 금속가공업계의 효율적인 기획자이자, 가족과 동료 사이의 조화를 중시하며 시티팝과 휴양지에서의 쉼을 통해 내면…
A0023	A	23	남자	하역 및 적재 관련 단순 종사원	서울	서울-강서구	#직장인	김지민 씨는 강서구 물류 현장에서 성실하게 일하며 부모님과 함께 안정을 꿈꾸는, 배려심 깊고 소박한 23세 청년입니다.
A0024	A	33	남자	산업 안전원	서울	서울-강남구	#약관정독 #직장인	라지훈 씨는 높은 학력과 전문성을 갖췄음에도 불구하고 불안정한 수입과 계약직이라는 현실의 벽 앞에서 고군분투하는 30대 산업 …
A0025	A	20	여자	일반 간호사	경기	경기-안산시 상록구	#직장인	김고원 씨는 안산에서 어머니와 함께 살며 환자들에게 다정한 미소를 건네는 신입 간호사이자, 소금빵과 산책을 사랑하는 20대 청…
A0026	A	32	남자	철도운송 관련 종사원	서울	서울-노원구	#직장인	최형록 씨는 노원구에 거주하며 철도 운송 분야에서 성실하게 근무하는 32세 남성으로, 유연한 성격과 가족 중심적인 가치관을 가…
A0027	A	33	남자	그 외 법률 관련 사무원	대구	대구-남구	#고디지털 #직장인	이정기 씨는 기술적 전문성을 갖춘 법률 사무원으로, 대구 남구에서 자가를 보유한 채 건강 관리와 개인적 고독 사이에서 균형을 …
A0028	A	28	여자	국가행정 사무원	경기	경기-안양시 만안구	#고디지털 #직장인 #테크회의론	박정아 씨는 공학적 논리로 행정 업무를 효율화하는 공무원이자, 안양천의 활기와 내 방의 아늑함 사이에서 균형을 잡으며 나만의 …
A0029	A	29	남자	전자계측 제어 기술자 및 연구원	경기	경기-화성시	#직장인	최성윤 씨는 인문학적 감성과 정밀 기술력을 동시에 갖춘 화성시의 20대 연구원으로, 대가족의 온기와 예술적 취향 속에서 살아가…
A0030	A	25	남자	영업 관리 사무원	경기	경기-남양주시	#고디지털 #직장인	변예찬 씨는 수학적 논리력과 세심한 감수성을 동시에 지닌 20대 영업 관리자로, 배우자와의 소박한 행복과 전문 MD라는 커리어…
A0031	A	21	남자	통신장비 기사	경기	경기-수원시 장안구	#직장인	조종현 씨는 수원에서 활동하는 실무 중심의 통신장비 기사로, 운동과 게임을 즐기며 현실적인 성장을 꿈꾸는 21세 청년입니다.
A0032	A	20	여자	사무 보조원	부산	부산-금정구	#고디지털 #직장인	최지영 씨는 부산 금정구에서 사무 보조로 일하며 독립을 꿈꾸는 20세 청년으로, 정서적 예민함과 유연한 성격을 동시에 지닌 채…
A0033	A	24	남자	일식 조리사	경기	경기-파주시	#직장인	박혜창 씨는 건강 관리라는 숙제를 안고 있지만, 섬세한 손끝 기술과 뚜렷한 주관으로 자신만의 오마카세 제국을 꿈꾸는 24세의 …
A0034	A	31	여자	텔레마케터	서울	서울-서대문구	#직장인	권윤주 씨는 타인의 감정을 세심하게 보살피는 금융업 종사자이자, 식물과 사진을 통해 고독한 휴식을 즐기며 심리 상담사의 꿈을 …
A0035	A	29	여자	보육 관련 시설 서비스 종사원	충청남	충청남-금산군	#직장인 #테크회의론	이예지 씨는 꼼꼼한 보육 전문가이자 식도락을 즐기는 20대 후반의 여성으로, 철저한 자기관리와 충동적인 생활 습관이 공존하는 …
A0036	A	23	여자	전직 보육교사, 현재 구직중	인천	인천-부평구	#비경제활동 #저디지털	한가은 씨는 부평의 활기찬 시장통 분위기 속에서 자라난 사교적인 전직 보육교사로, 이른 결혼 생활의 안정감과 소소한 취향을 쫓…
A0037	A	37	남자	그 외 정보 통신기기 설치 및 수리원	경상남	경상남-창원시 의창구	#고디지털 #직장인	백현준 씨는 창원에서 네트워크 수리공으로 일하며 가족을 부양하는 성실한 가장이자, 소박한 자연과 소주 한 잔의 여유를 아는 3…
A0038	A	31	여자	환경 검사원	서울	서울-광진구	#직장인	문지안 씨는 서울 광진구에서 부모님과 거주하며 환경 검사원으로 성실하게 근무하는 31세 여성으로, 안정적인 일상과 소소한 취향…
A0039	A	20	여자	치과위생사	서울	서울-노원구	#직장인	박유겸 씨는 노원구에 거주하며 안정적인 직장 생활과 트렌디한 취향 사이에서 균형을 찾는 20대 초반의 치과위생사입니다.
A0040	A	31	남자	그 외 일반 영업원	서울	서울-서초구	#저디지털 #직장인	고민형 씨는 서초구에서 활동하는 실전 경험 중심의 금융 영업인으로, 사람을 끄는 유연함과 건강 관리의 소홀함이 공존하는 31세…
A0041	A	34	남자	기업 고위 임원	서울	서울-영등포구	#직장인 #테크회의론	강수산 씨는 영등포구 오피스텔에 거주하며 전문직 임원으로 일하는 30대 남성으로, 논리적인 업무 능력과 섬세한 감수성 사이에서…
A0042	A	33	남자	총무 사무원	세종	세종-세종시	#고디지털 #직장인	조동원 씨는 세종시 보험사에서 일하며 꼼꼼한 업무 처리와 유연한 대인 관계 능력을 갖췄지만, 내면에는 무기력함과 미래에 대한 …
A0043	A	35	여자	화장품 판매원	부산	부산-북구	#고디지털 #직장인	서경미 씨는 부산에서 화장품을 판매하며 예술적 갈증을 독립 영화와 원예로 달래는, 다정함과 예민함을 동시에 지닌 30대 여성입…
A0044	A	28	남자	자재 관리 사무원	전라남	전라남-나주시	#고디지털 #직장인 #테크회의론	서영규 씨는 나주 농업 현장의 효율화를 꿈꾸는 공학도 출신의 자재 관리원으로, 식도락과 최신 기기에 진심인 20대 청년입니다.
A0045	A	29	남자	네트워크 시스템 개발자	인천	인천-부평구	#고디지털 #직장인	정준규 씨는 부평에서 성장해 실무 역량을 쌓은 네트워크 개발자로, 노포 맛집 탐방과 스포츠 영상 시청을 즐기며 건강 관리보다는…
A0046	A	30	여자	변리사	서울	서울-영등포구	#고디지털 #직장인 #테크회의론	이경민 씨는 ICT 전문성을 갖춘 변리사로서 치열한 서울의 삶을 살아가면서도, 배드민턴과 캠핑이라는 동적인 취미로 삶의 활력을…
A0047	A	27	남자	관세행정 사무원	경기	경기-오산시	#직장인	현현세 씨는 실용적인 가치를 쫓아 관세 행정 분야에서 커리어를 쌓으며, 예술적 감성과 인간관계의 즐거움을 동시에 추구하는 27…
A0048	A	23	여자	사무 보조원	경기	경기-시흥시	#가격깐깐 #고디지털 #직장인	정영주 씨는 시흥에서 홀로서기를 하며 금융권 사무직으로 성실하게 커리어를 쌓아가는, 절제된 생활 습관과 확고한 취향을 가진 2…
A0049	A	30	여자	행사 및 홍보 도우미	제주	제주-제주시	#직장인 #테크회의론	김유안 씨는 제주 구제주의 자가 주택에서 홀로 거주하며 행사 보조 업무와 비즈 공예, 유적지 여행을 통해 정적인 안정감을 추구…
A0050	A	31	여자	총무 및 인사 관리자	서울	서울-동대문구	#고디지털 #직장인	최수인 씨는 동대문구에 거주하며 소매업 인사 관리를 담당하는 31세 직장인으로, 인문학적 취향과 효율적인 업무 처리 사이에서 …
A0051	A	20	여자	상담 전문가	부산	부산-동래구	#직장인	김민지 씨는 타인의 아픔을 깊이 공감하는 따뜻한 상담가이자, 유행과 휴식 사이에서 자신만의 정서적 균형을 찾아가는 스무 살의 …
A0052	A	30	남자	국가행정 사무원	경기	경기-시흥시	#직장인 #테크회의론	이준서 씨는 공학적 효율성을 갖춘 시흥시의 국가행정 사무원으로, 정돈된 일상 속에서 반려견과의 산책과 미식, 해외여행으로 삶의…
A0053	A	24	남자	양식 조리사	경기	경기-용인시 기흥구	#고디지털 #직장인	박태겸 씨는 법학의 논리성과 조리사의 예술성을 동시에 갖춘 24세 청년으로, 기흥에서 자신의 작은 비스트로를 꿈꾸며 묵묵히 실…
A0054	A	39	여자	건물 청소원	서울	서울-관악구	#직장인	신의교 씨는 관악구에서 건물 청소 전문가로 일하며 자가 주택을 보유한, 소탈하고 정이 많은 30대 후반의 여성입니다.
A0055	A	20	여자	공공행정 전문가	서울	서울-관악구	#직장인	박세린 씨는 관악구 신림동의 정서와 성수동의 트렌드를 동시에 품은 채, 공공행정의 효율성을 추구하며 알찬 삶을 꿈꾸는 20세 …
A0056	A	22	남자	전직 금속 열처리로 조작원, 현재 구직중	경상북	경상북-구미시	#비경제활동 #저디지털	안동혁 씨는 금속 열처리 분야의 숙련도를 갖춘 구미의 22세 청년으로, 다정한 성격과 꼼꼼한 일 처리 능력을 갖췄으나 현재는 …
A0057	A	23	여자	전직 국가행정 사무원, 현재 구직중	경기	경기-가평군	#고디지털 #비경제활동	오채원 씨는 수학적 분석력과 행정 실무 능력을 겸비한 구직자로, 가평의 자연 속에서 3세대 가족과 함께하며 소소한 취미와 사회…
A0058	A	38	남자	생산관리 사무원	인천	인천-계양구	#고디지털 #직장인	최정규 씨는 안정적인 직장과 가정 환경 속에서 정적인 취미와 내밀한 불안을 동시에 안고 살아가는 30대 후반의 생산관리직 남성…
A0059	A	31	남자	상품 기획자	경기	경기-안산시 상록구	#저디지털 #직장인	박민진 씨는 안산에 거주하며 교육 콘텐츠를 기획하는 31세 남성으로, 실용적인 삶의 태도와 개인적인 취향 사이의 균형을 찾는 …
A0060	A	30	남자	운송장비 청소원	서울	서울-서대문구	#직장인 #테크회의론	강동주 씨는 서대문구에서 수입차 디테일링 전문가로 일하며, 정교한 기술적 성취와 소박한 개인적 취향 사이에서 균형을 찾아가는 …
A0061	A	36	남자	경리 사무원	경기	경기-수원시 장안구	#고디지털 #직장인	박범진 씨는 꼼꼼한 경리 업무 능력과 섬세한 예술적 감수성을 동시에 지녔으며, 이혼 후 자신만의 공간을 가꾸며 내면의 안정을 …
A0062	A	35	남자	마케팅 전문가	경기	경기-성남시 수정구	#고디지털 #직장인 #테크회의론	한진주 씨는 인문학적 통찰을 마케팅에 녹여내는 능력 있는 전문가이자, 아버지와의 정적인 일상과 건강 관리를 통해 삶의 균형을 …
A0063	A	30	여자	특수 경비원	제주	제주-제주시	#고디지털 #보안민감 #직장인	우상영 씨는 철저한 자기관리와 현실적인 감각을 갖춘 특수 경비원이자, 3세대 가구의 중심을 잡는 사려 깊은 살림꾼입니다.
A0064	A	36	남자	전직 출납 창구 사무원, 현재 구직중	충청남	충청남-천안시 서북구	#비경제활동 #테크회의론	이나우엘 씨는 금융권의 정중함을 몸에 익힌 전직 사무원이었으나, 현재는 별거와 실직이라는 상실감 속에서 스포츠 배팅과 게임, …
A0065	A	30	남자	상품 기획자	서울	서울-은평구	#직장인	이도영 씨는 은평구 자가 주택에 거주하며 세밀한 감각으로 가죽 제품을 기획하는, 외유내강형의 30대 직장인입니다.
A0066	A	27	여자	그 외 교육 전문가	강원	강원-춘천시	#고디지털 #직장인	박미경 씨는 춘천에서 디지털 콘텐츠를 가르치며 심미적 취향과 경제적 안정을 동시에 추구하는, 여유로우면서도 야심 있는 20대 …
A0067	A	30	남자	전직 단말기 및 통신 서비스 판매원, 현재 구직중	경기	경기-남양주시	#비경제활동	김동근 씨는 남양주에서 나고 자란 사교성 만렙의 전직 통신 판매원으로, 고혈압과 복부 비만이라는 건강 숙제를 안고 식도락 여행…
A0068	A	23	여자	음료 서비스 종사원	제주	제주-제주시	#고디지털 #직장인 #창업준비	고지유 씨는 경영학적 역량과 도시적 감각을 갖춘 23세 서비스직 종사자로, 제주에서의 독립 생활 속에서 자신만의 취향을 기록하…
A0069	A	37	남자	교육 및 훈련 사무원	서울	서울-노원구	#직장인	신하민 씨는 인문학적 감성과 사교성을 갖춘 교육 행정 전문가로, 고중량 운동과 역사 여행을 통해 일상의 균형을 찾는 30대 미…
A0070	A	24	남자	그 외 기능 관련 종사원	대전	대전-중구	#직장인	유동균 씨는 대전의 담배 공장에서 일하는 꼼꼼한 기술자이자, 예술적 감수성과 깊은 가족애를 동시에 지닌 20대 청년입니다.
A0071	A	19	남자	사무 보조원	경기	경기-고양시 덕양구	#고디지털 #직장인	최영우 씨는 기계 제조업체의 사무 보조원으로 일하며 현실의 단조로움과 예술적 이상 사이에서 균형을 찾아가는 열아홉 살 청년입니…
A0072	A	31	남자	지게차 운전원	경기	경기-수원시 권선구	#직장인	유영우 씨는 수원 공단에서 숙련된 지게차 운전원으로 일하며, 사람 좋은 성격과 실용적인 태도로 살아가는 31세 남성입니다.
A0073	A	27	여자	지방행정 사무원	충청남	충청남-서천군	#고디지털 #직장인 #테크회의론	김송이 씨는 서천군청의 유능한 행정 사무원이자, 식물 가꾸기와 역사 탐방을 즐기며 가족과 조화롭게 살아가는 20대 후반의 실용…
A0074	A	24	여자	경리 사무원	경기	경기-수원시 팔달구	#고디지털 #직장인	최수현 씨는 꼼꼼한 업무 능력과 예민한 감수성을 동시에 지닌 채, 더 나은 처우의 중견기업 재무팀 이직을 꿈꾸며 전산세무회계 …
A0075	A	34	남자	정보 시스템 운영자	서울	서울-양천구	#직장인	강윤형 씨는 서울 양천구에 거주하며 교육 플랫폼 서버를 운영하는 30대 중반의 기술자로, 부모님과의 안정적인 동거 생활과 함께…
A0076	A	32	여자	한식 조리사	서울	서울-서초구	#직장인	용혜인 씨는 서초구의 한식 조리사로, 성실한 직장 생활과 소박한 일상 사이에서 균형을 잡으며 자신만의 작은 디저트 가게라는 꿈…
A0077	A	27	여자	일반 비서	경기	경기-의정부시	#고디지털 #직장인	김정민 씨는 의정부에서 근무하는 꼼꼼한 비서이자 인문학적 감성을 지닌 아내로, 체계적인 자기관리와 타인에 대한 배려 사이에서 …
A0078	A	31	남자	경영 기획 사무원	광주	광주-서구	#고디지털 #직장인	김용 씨는 광주의 안정적인 직장 생활과 자가 마련이라는 성취를 이뤘으며, 소박한 식도락과 정적인 휴식을 통해 일상의 조화를 찾…
A0079	A	29	여자	일반 비서	서울	서울-영등포구	#고디지털 #약관정독 #직장인 #테크회의론	김한아름 씨는 여의도에서 비서로 일하며 도시적인 세련됨과 소박한 취향 사이의 균형을 찾아가는 29세 직장인입니다.
A0080	A	29	남자	전기 용접원	전북	전북-익산시	#고디지털 #직장인 #테크회의론	김성훈 씨는 익산의 공단에서 용접공으로 일하며 건담 조립과 웹툰으로 소소한 행복을 찾는, 무던하면서도 내면의 정체감에 고민이 …
A0081	A	21	남자	전직 일반 비서, 현재 구직중	경상북	경상북-구미시	#고디지털 #비경제활동 #테크회의론	임경인 씨는 구미에서 비서 실무를 익힌 후 안정적인 사무직을 꿈꾸는 21세 청년으로, 볼링과 K리그 시청, 블로그 기록을 통해…
A0082	A	38	남자	전기 용접원	경기	경기-수원시 영통구	#직장인	박진욱 씨는 수원 영통에서 성실하게 일하며 내 집 마련의 꿈을 키우는, 실용적인 기술과 가족에 대한 애착이 강한 30대 후반의…
A0083	A	24	남자	소방시설 공사 기술자 및 연구원	경기	경기-양평군	#직장인	임민 씨는 양평의 단독주택에서 동료들과 지내며 소방시설 기술자로 성장해가는, 건강한 신체와 디지털 감성을 동시에 지닌 24세 …
A0084	A	25	남자	전직 철도운송 관련 종사원, 현재 구직중	부산	부산-해운대구	#비경제활동	박규환 씨는 부산 해운대에 거주하며 철도 분야 재취업을 준비하는 25세 청년으로, 롯데 자이언츠와 로컬 맛집을 사랑하며 조부모…
A0085	A	35	여자	경리 사무원	서울	서울-영등포구	#저디지털 #직장인	이아라 씨는 서울 영등포구에서 경리 사무원으로 일하며 경제적 안정과 정서적 평온함을 동시에 추구하는 현실적이고 다정한 35세 …
A0086	A	39	여자	그 외 특수교육 교사	부산	부산-남구	#직장인	정아람 씨는 부산에서 특수교육 교사로 일하며, 철저한 업무 수행과 고독한 휴식 사이의 균형을 찾아가는 30대 후반의 전문직 여…
A0087	A	22	여자	일반 간호사	경상남	경상남-창원시 의창구	#직장인	김채연 씨는 교육학적 감각을 갖춘 다정한 간호사로, 정적인 휴식과 타인에 대한 깊은 공감을 통해 삶의 균형을 찾아가는 22세 …
A0088	A	38	남자	금속절곡기 조작원	인천	인천-서구	#직장인	강희상 씨는 인천 서구 공단의 숙련된 금속 절곡 전문가이자, 만화와 수제 버거를 사랑하며 단독주택에서 평온한 솔로 라이프를 즐…
A0089	A	36	남자	하역 및 적재 관련 단순 종사원	충청북	충청북-청주시 흥덕구	#직장인	최형준 씨는 충북 청주에서 성실하게 하역 일을 하며 반려견과 식도락, 소박한 일상의 평화를 추구하는 30대 중반의 남성입니다.
A0090	A	24	여자	사무 보조원	광주	광주-북구	#고디지털 #직장인 #테크회의론	송고은 씨는 광주 북구의 자가 아파트에 거주하며 안정적인 삶을 추구하는 24세 사무 보조원으로, 웹툰과 배드민턴, 잦은 외식을…
A0091	A	24	남자	음료 서비스 종사원	대구	대구-동구	#저디지털 #직장인 #테크회의론	정양호 씨는 농업 전공 지식과 서비스업 실무를 결합해 자신만의 시그니처 펍을 꿈꾸는, 현실적이면서도 야심 있는 대구의 20대 …
A0092	A	31	여자	한식 조리사	서울	서울-은평구	#직장인	이다인 씨는 인문학적 감수성을 정갈한 한식에 담아내는 31세 조리사로, 체계적인 자기관리와 조용한 휴식을 통해 삶의 균형을 잡…
A0093	A	24	남자	식품 영업원	대전	대전-서구	#고디지털 #직장인	신태환 씨는 대전의 식자재 영업 전문가를 꿈꾸며 인문학적 감성과 다정한 성품으로 사람의 마음을 움직이는 24세 청년입니다.
A0094	A	21	남자	회계 사무원	강원	강원-강릉시	#고디지털 #직장인 #테크회의론	남윤혁 씨는 강릉에서 농업 회계 업무를 수행하며 사회적 유대감과 개인적 휴식 사이의 균형을 찾는, 건강 관리가 시급한 21세 …
A0095	A	20	남자	사회복지사	충청북	충청북-청주시 서원구	#직장인	곽치훈 씨는 스무 살의 이른 나이에 사회복지사가 되어 현장의 유연함과 디지털 감각을 갖췄으며, 맛집 탐방과 볼링으로 스트레스를…
A0096	A	32	남자	산불 감시원	경상북	경상북-안동시	#직장인 #테크회의론	공태우 씨는 안동의 산불을 감시하는 꼼꼼한 직업 정신과 빵에 대한 순수한 열정을 동시에 가진, 안정적인 정년퇴직을 꿈꾸는 30…
A0097	A	20	여자	그 외 일반 영업원	서울	서울-광진구	#직장인	정서영 씨는 도매업계의 영리한 영업원이자 동생들을 부양하는 책임감 넘치는 가장으로, 빵지순례와 휴식으로 삶의 균형을 잡는 20…
A0098	A	22	남자	시설 경비원	광주	광주-북구	#고디지털 #보안민감 #직장인	김재민 씨는 광주 북구에서 시설 경비원으로 일하며 꼼꼼한 업무 처리와 야구에 대한 열정, 그리고 시설 관리 전문가라는 목표를 …
A0099	A	29	남자	단말기 및 통신 서비스 판매원	경기	경기-고양시 일산동구	#고디지털 #약관정독 #직장인	박도윤 씨는 일산에서 통신 영업직으로 일하며 능숙한 처세술과 다정한 효심을 가졌지만, 건강 관리와 충동구매라는 숙제를 안고 사…
A0100	A	38	남자	비행기 정비원	인천	인천-중구	#직장인 #테크회의론	오요한 씨는 인천에서 항공정비사로 근무하며 정밀한 기술력과 안정적인 삶을 추구하지만, 건강 관리와 개인적 공간 확보라는 숙제를…
A0101	A	30	여자	자동 재봉설비 조작원	대구	대구-북구	#직장인	배보경 씨는 대구에서 자동 재봉설비 기술자로 일하며, 소박한 취향과 경제적 자립이라는 현실적인 목표 사이의 균형을 찾아가는 3…
A0102	A	20	남자	사무 보조원	대전	대전-대덕구	#가격깐깐 #고디지털 #직장인 #창업준비	길지용 씨는 자동차 부품 업계에서 넉살 좋게 일하며 일식 맛집 탐방과 농구를 즐기는, 독립심 강하고 외향적인 스무 살 청년입니…
A0103	A	30	남자	전동차 기관사	서울	서울-강동구	#직장인	이승호 씨는 인문학적 소양을 갖춘 세심한 전동차 기관사로, 규칙적인 직장 생활과 배드민턴, 요리라는 취미 사이에서 균형을 잡으…
A0104	A	32	여자	전직 산업 안전원, 현재 구직중	경기	경기-용인시 기흥구	#비경제활동	이다희 씨는 산업 안전 전문가로서의 꼼꼼함과 예술적 감수성을 동시에 지닌 인물로, 용인 기흥에서 재취업을 준비하며 시티팝과 일…
A0105	A	36	남자	공작기계 설치 및 정비원	경기	경기-화성시	#저디지털 #직장인	박종주 씨는 정밀한 기계 정비 기술과 섬세한 예술적 감성을 동시에 지녔으며, 건강에 대한 불안을 삼림욕과 독서로 다스리는 성실…
A0106	A	25	여자	그 외 판매 및 고객 서비스 관리자	광주	광주-서구	#저디지털 #직장인 #테크회의론	김재희 씨는 광주에서 교육 서비스 관리자로 근무하며, 유연한 대인 관계 능력과 안정적인 주거 환경을 바탕으로 일과 삶의 균형을…
A0107	A	25	남자	경리 사무원	경기	경기-광주시	#고디지털 #직장인	박상훈 씨는 공학 전공 후 연구소 경리로 근무하며, 익숙한 동네의 편안함과 소소한 일상의 즐거움 속에서 안정을 찾는 25세 청…
A0108	A	28	남자	일반 간호사	인천	인천-서구	#직장인	문찬희 씨는 뛰어난 업무 능력과 공감력을 갖춘 20대 후반의 간호사로, 불규칙한 삶 속에서도 보드게임과 예술, 반려견을 통해 …
A0109	A	22	남자	금형원	경기	경기-남양주시	#직장인	최준영 씨는 정밀 금형 기술을 가진 성실한 청년 노동자이지만, 내면에는 학위 없는 미래에 대한 불안과 건강에 대한 고민을 품고…
A0110	A	38	남자	조사 전문가	충청남	충청남-천안시 서북구	#고디지털 #직장인 #테크회의론	윤혁수 씨는 천안에서 유통 데이터를 다루는 꼼꼼한 조사 전문가이자, 가족과 함께하는 식도락과 정적인 휴식을 사랑하는 신중한 성…
A0111	A	24	남자	택시 운전원	대구	대구-달서구	#직장인	김영하 씨는 대구의 지리를 꿰뚫는 젊은 택시 운전사로, 전기차 교체라는 목표를 향해 정진하며 식도락 여행과 반려견과의 삶을 사…
A0112	A	26	남자	정육가공원	경상남	경상남-사천시	#직장인	조승재 씨는 사천에서 정교한 칼질로 승부하는 정육가공원으로, 실용적인 삶의 태도와 확고한 취향을 가진 20대 청년입니다.
A0113	A	29	남자	가스 점검원	서울	서울-강북구	#직장인	박지상 씨는 강북구에서 가스 점검원으로 일하며 가족을 부양하는, 책임감 강하고 소박한 일상을 소중히 여기는 20대 청년입니다.
A0114	A	20	남자	가스 점검원	인천	인천-남동구	#직장인	정솔민 씨는 인천 남동구에서 가스 안전을 책임지며 전문성을 키우고자 하는 20세 청년으로, 실용적인 가치관과 인간관계의 유연함…
A0115	A	38	여자	그 외 교육 전문가	경상남	경상남-창원시 마산합포구	#직장인	신나래 씨는 마산에서 교육 전문가로 일하며 안정적인 수입과 소소한 빵집 투어, 그리고 완벽한 게으름을 통해 삶의 균형을 찾는 …
A0116	A	37	여자	기업 고위 임원	서울	서울-송파구	#직장인	장아영 씨는 인문학적 감성과 숙박 경영의 실무 능력을 겸비한 임원으로, 실용적인 삶의 태도와 약간의 무질서함이 공존하는 37세…
A0117	A	27	남자	전기 용접원	충청북	충청북-충주시	#직장인	황석규 씨는 충주에서 정교한 용접 기술로 인정받는 27세 기술자로, 사람들과 어울리는 것을 좋아하는 소탈하고 실용적인 성격의 …
A0118	A	25	남자	전직 항공기 배관공, 현재 구직중	경상남	경상남-창원시 성산구	#비경제활동	김예성 씨는 정밀한 항공 배관 기술을 가진 25세 청년으로, 창원 성산구에서 식도락과 소소한 취미를 즐기며 안정적인 재취업을 …
A0119	A	31	남자	원예작물 판매원	울산	울산-중구	#고디지털 #직장인	허진수 씨는 수학적 정밀함으로 식물을 가꾸는 울산의 젊은 사업가이자, 가족을 사랑하면서도 지독한 고독을 즐기는 30대 남성입니…
A0120	A	31	여자	관리 비서	경기	경기-성남시 중원구	#직장인	박선경 씨는 성남 중원구에 거주하며 도매업체 비서로 근무하는 31세 여성으로, 안정적인 일상 루틴과 정서적 평온함을 최우선으로…
A0121	A	21	남자	마케팅 전문가	강원	강원-강릉시	#직장인	고정민 씨는 강릉에서 소매업 마케팅을 담당하며, 자가 아파트에서 홀로 생활하며 게임과 맛있는 배달 음식을 즐기는 20대 초반의…
A0122	A	27	남자	그 외 일반 영업원	경기	경기-과천시	#직장인	유수현 씨는 타인의 기분을 빠르게 읽어내는 섬세한 영업 사원이자, 퇴근 후에는 카메라와 햄버거, 그리고 소파 위에서의 휴식에 …
A0123	A	21	남자	국가행정 사무원	전북	전북-전주시 완산구	#고디지털 #직장인	김기상 씨는 전주에서 성실하게 근무하며 가족과의 화목함과 일상의 안정감을 최우선으로 여기는 21세 청년 행정 사무원입니다.
A0124	A	26	여자	매장 계산원	대구	대구-서구	#직장인	이정은 씨는 삶의 굴곡을 겪으며 일찍 철이 든 현실적인 성격으로, 소박하지만 깨끗한 내 집 마련의 꿈을 꾸며 성실하게 하루를 …
A0125	A	20	여자	육아 도우미	서울	서울-관악구	#가격깐깐 #직장인	장다연 씨는 일찍 사회생활을 시작해 경제 관념이 뚜렷하고 책임감 있는 육아 도우미이며, 실용적인 소비와 활동적인 취미로 삶의 …
A0126	A	31	여자	그 외 인사 및 노사 관련 전문가	광주	광주-광산구	#약관정독 #직장인 #테크회의론	신희수 씨는 광주의 기계 제조 기업에서 일하는 인사 전문가로, 인문학적 감성과 현실적인 업무 능력을 겸비한 채 어머니와 함께 …
A0127	A	22	남자	조명기사	경기	경기-남양주시	#저디지털 #직장인	박동현 씨는 효율적인 현장 감각을 가진 조명기사로, 남양주에서 3세대 가족과 함께 살며 실용적인 삶과 소소한 여가를 즐기는 2…
A0128	A	23	남자	관리 비서	경기	경기-파주시	#직장인 #창업준비	서제우 씨는 파주에서 비서로 근무하며 실용적인 가치와 즉흥적인 즐거움을 동시에 추구하는, 넉살 좋고 현실적인 20대 청년입니다…
A0129	A	33	남자	정보 보안 전문가	경기	경기-김포시	#고디지털 #보안민감 #직장인	김성훈 씨는 김포에 거주하며 출판 보안 전문가로 안정적인 삶을 꾸리는, 정적인 취미와 사회적 관계의 균형을 찾는 33세 남성입…
A0130	A	33	여자	그 외 법률 전문가	경기	경기-이천시	#약관정독 #직장인	박현지 씨는 이천에 거주하며 금융권 법률 실무자로 일하는 33세 여성으로, 인문학적 감성과 냉철한 전문성을 동시에 갖춘 채 부…
A0131	A	34	여자	컴퓨터 설치 및 수리원	경기	경기-수원시 영통구	#고디지털 #직장인 #테크회의론	강민지 씨는 뛰어난 기술력으로 고소득을 올리는 컴퓨터 수리 전문가이자, 블로그 기록과 산책으로 일상의 균형을 잡는 내향적인 실…
A0132	A	31	여자	일반 비서	충청북	충청북-청주시 흥덕구	#직장인 #테크회의론	강지윤 씨는 사별의 아픔을 간직한 채 소박한 일상의 평온함과 다정한 관계 속에서 천천히 스스로를 회복해 나가는 비서입니다.
A0133	A	23	남자	그 외 상점 판매원	경기	경기-화성시	#직장인 #테크회의론	이정수 씨는 화성에서 자동차 부품을 판매하며 낚시와 웹소설로 스트레스를 푸는, 신중하면서도 즉흥적인 20대 청년입니다.
A0134	A	34	남자	회계 사무원	경기	경기-김포시	#고디지털 #직장인	박민용 씨는 김포에서 운송업체 회계 사무원으로 일하며 세무사라는 목표를 향해 달리는, 체계적이지만 내면의 불안을 안고 사는 사…
A0135	A	37	여자	비상 발전기 설치 및 정비원	부산	부산-사상구	#저디지털 #직장인	김승미 씨는 부산 사상구에서 비상 발전기를 정비하는 기술자이자, 역사 여행과 인디 음악을 사랑하며 사람 사이의 온기를 소중히 …
A0136	A	28	남자	전화 상담원	경기	경기-화성시	#직장인	김예성 씨는 동탄의 안정적인 일상 속에서 숙련된 상담원으로 성장하며, 친구들과의 유대와 정적인 휴식을 통해 삶의 균형을 찾아가…
A0137	A	34	남자	경영 기획 사무원	경상남	경상남-창원시 마산회원구	#고디지털 #직장인	김대로 씨는 마산의 정과 보건복지 전공의 이타심을 갖춘 소매업 경영 기획자로, 꼼꼼한 일 처리와 식물 가꾸기를 즐기며 건강 관…
A0138	A	29	여자	일반 비서	전북	전북-군산시	#고디지털 #직장인	김수원 씨는 군산의 식료품 제조 기업에서 일하며 안정과 조화를 추구하는, 꼼꼼하고 다정한 성격의 20대 후반 직장인입니다.
A0139	A	20	남자	관세행정 사무원	경상남	경상남-창녕군	#직장인	박민규 씨는 창녕에서 관세행정 사무원으로 일하며 꼼꼼한 업무 처리 능력을 갖춘 20세 청년으로, UFC 관람과 대구 식도락 여…
A0140	A	39	남자	정보 시스템 운영자	서울	서울-관악구	#저디지털 #직장인	장창호 씨는 실무 능력으로 인정받는 숙련된 시스템 운영자이자, 소박한 일상의 휴식과 역동적인 레포츠를 동시에 즐기는 30대 후…
A0141	A	26	여자	공공행정 전문가	인천	인천-남동구	#직장인	최지은 씨는 꼼꼼한 행정 처리 능력과 철학적 사유를 가진 20대 직장인으로, 완벽을 추구하는 책임감과 정적인 휴식 사이에서 균…
A0142	A	35	남자	마케팅 전문가	경상북	경상북-포항시 북구	#고디지털 #직장인	이주한 씨는 포항에서 공학 지식을 접목한 기술 마케팅 전문가로 활동하며, 어머니와 함께 자가 주택에 거주하며 온천욕과 팟캐스트…
A0143	A	30	여자	한식 조리사	경기	경기-구리시	#직장인	김지현 씨는 구리에서 나고 자란 실무 중심의 한식 조리사로, 건강한 채식 레시피를 기록하며 미래의 브런치 카페 사장님을 꿈꾸는…
A0144	A	22	여자	판매 관련 관리자	서울	서울-은평구	#직장인	오지우 씨는 교육 서비스업 관리자로서의 유능함과 20대 초반의 섬세한 감성을 동시에 지녔으며, 수공예 취미와 분식 사랑, 그리…
A0145	A	30	남자	산업 안전원	경상북	경상북-경산시	#직장인	황윤철 씨는 경산의 전기장비 제조 현장을 지키는 꼼꼼한 안전원이자, 주말이면 카메라 하나로 자연의 평온함을 찾는 서른 살의 청…
A0146	A	35	여자	병무행정 사무원	서울	서울-은평구	#고디지털 #직장인	황희주 씨는 공학적 논리로 병무 행정의 효율을 높이는 30대 사무원이자, 북한산의 자연과 자극적인 배달 음식을 동시에 사랑하는…
A0147	A	24	남자	일반 비서	대전	대전-중구	#직장인	성민호 씨는 인문학적 소양을 갖춘 현실적인 직장인으로, 안정적인 커리어 성장과 경제적 독립을 꿈꾸며 일상의 소소한 즐거움을 찾…
A0148	A	23	여자	경리 사무원	서울	서울-서대문구	#가격깐깐 #고디지털 #직장인	정지원 씨는 서대문구에 거주하며 자동차 부품사 경리로 근무하는 23세 여성으로, 성실한 업무 태도와 체계적인 자기관리, 그리고…
A0149	A	33	남자	그 외 하역 및 적재 단순 종사원	경기	경기-광주시	#직장인	하창희 씨는 경기 광주에서 물류 적재원으로 일하며 실용적인 삶을 지향하고, 퇴근 후 게임과 영상 시청으로 스트레스를 푸는 33…
A0150	A	32	남자	생산관리 사무원	경기	경기-성남시 중원구	#직장인	김경완 씨는 교육학 석사 학위를 가진 생산관리 사무원으로, 성남에서 아내와 함께 살며 내면의 불안함을 다정한 배려와 식도락의 …
A0151	A	34	여자	복지시설 생활 지도원	서울	서울-구로구	#가격깐깐 #직장인	민영미 씨는 구로구에서 어머니를 모시며 복지시설 지도원으로 성실히 근무하는, 책임감 강하고 현실적인 30대 장녀입니다.
A0152	A	24	여자	예약 및 접수 사무원	충청남	충청남-아산시	#고디지털 #직장인	박승연 씨는 정보통신기술 전공을 살려 효율적인 업무 처리를 추구하는 20대 직장인으로, 철저한 자산 관리와 미식 여행을 통해 …
A0153	A	30	여자	반도체공학 기술자 및 연구원	경기	경기-군포시	#고디지털 #직장인	박지영 씨는 인문학적 감성과 반도체 공정의 정밀함을 동시에 갖춘 기술자로, 철저한 자기관리와 안정적인 삶의 궤적 속에서 소소한…
A0154	A	30	남자	인사 및 노무 사무원	서울	서울-노원구	#고디지털 #약관정독 #직장인	문재호 씨는 공학적 치밀함으로 예술계의 인사 행정을 정립하려는 야심과 미식과 휴식을 사랑하는 게으른 완벽주의가 공존하는 서른 …
A0155	A	39	여자	그 외 일반 영업원	경상남	경상남-창원시 성산구	#저디지털 #직장인	전명하 씨는 창원에서 활동하는 유능한 영업원이자, 라디오와 식도락 여행으로 내면의 불안을 달래며 내 집 마련을 꿈꾸는 30대 …
A0156	A	35	남자	식품 영업원	경기	경기-시흥시	#고디지털 #직장인	김석준 씨는 시흥에서 활동하는 유능한 식품 영업원이자, 인문학적 소양을 바탕으로 사람을 대하며 가족과 함께 소박하고 안정적인 …
A0157	A	32	남자	단말기 및 통신 서비스 판매원	대구	대구-서구	#직장인	박도현 씨는 대구 서구에서 통신 판매원으로 일하며 능숙한 영업력과 소박한 가정생활 사이에서 균형을 잡고 살아가는, 뱃살 좀 있…
A0158	A	32	여자	유치원 교사	강원	강원-속초시	#직장인	정현선 씨는 속초의 바다와 레포츠를 사랑하며, 유치원 교사의 유연함과 경영학도의 치밀함을 동시에 갖춘 30대 가장입니다.
A0159	A	31	남자	중형 화물차 운전원	충청북	충청북-청주시 상당구	#저디지털 #직장인	이재용 씨는 청주에서 중형 화물차를 몰며 가족을 극진히 챙기는 성실한 청년이지만, 건강 관리와 정리정돈에는 조금 서툰 소탈한 …
A0160	A	27	남자	병무행정 사무원	서울	서울-동대문구	#직장인	김정후 씨는 꼼꼼한 행정가의 면모와 예술적 감수성을 동시에 지닌 채, 건강 관리라는 숙제를 뒤로 미루며 자신만의 내면 세계를 …
A0161	A	27	남자	전직 기계 제도사, 현재 구직중	울산	울산-북구	#비경제활동	황도영 씨는 정밀한 설계 능력과 예술적 감수성을 동시에 갖춘 채, 울산의 보수적인 가정환경과 현대적인 디자인 꿈 사이에서 균형…
A0162	A	31	남자	마케팅 전문가	서울	서울-영등포구	#고디지털 #직장인	이혁진 씨는 공학적 논리로 무장한 데이터 마케터이자, 영등포의 익숙한 일상과 레고 수집, 삼겹살에 소주 한 잔의 소박한 행복을…
A0163	A	28	여자	유치원 교사	서울	서울-관악구	#직장인	김설희 씨는 유치원 교사로서의 책임감과 개인의 휴식 사이에서 아슬아슬한 균형을 잡으며, 자극적인 배달 음식과 정적인 집순이 생…
A0164	A	29	여자	119 구조대원	서울	서울-동대문구	#직장인	최지혜 씨는 동대문구에 거주하며 현장의 안녕과 동료의 신뢰를 최우선으로 생각하는 침착하고 다정한 29세 여성 119 구조대원입…
A0165	A	21	남자	총무 및 인사 관리자	부산	부산-부산진구	#고디지털 #직장인	고동현 씨는 부산 서면의 트렌디함을 입은 21세의 총무 관리자로, 꼼꼼한 일 처리와 외모 가꾸기에 진심이며 롯데 자이언츠를 사…
A0166	A	37	여자	일반 비서	경기	경기-수원시 팔달구	#직장인	한진아 씨는 수원 팔달구에서 부동산 실무를 익히며 독립적인 중개업자라는 꿈을 향해 나아가는, 털털하면서도 현실적인 30대 후반…
A0167	A	22	여자	음식 서비스 종사원	서울	서울-영등포구	#가격깐깐 #직장인	백민서 씨는 영등포의 익숙한 동네에서 성실하게 일하며, 소소한 뷰티 취미와 반려견과의 산책으로 삶의 균형을 잡으려는 22세의 …
A0168	A	23	여자	품질 인증 심사 전문가	충청북	충청북-청주시 청원구	#직장인	정정아 씨는 꼼꼼한 업무 능력과 사교적인 성격을 겸비한 품질 인증 심사원으로, 퇴근 후의 소소한 먹거리와 디지털 콘텐츠를 통해…
A0169	A	28	남자	식품 영업원	경기	경기-수원시 팔달구	#고디지털 #직장인	장재흥 씨는 공학적 논리와 영업적 유연함을 겸비한 20대 후반의 식품 영업원으로, 역사 여행과 사우나를 즐기며 경제적 자립을 …
A0170	A	39	남자	토목안전 기술자	인천	인천-부평구	#약관정독 #저디지털 #직장인	김동준 씨는 부평에 뿌리를 둔 30대 후반의 토목안전 기술자로, 전문성을 향한 뜨거운 야심과 소박한 일상의 즐거움을 동시에 쫓…
A0171	A	29	남자	데이터 분석가	경기	경기-수원시 권선구	#고디지털 #직장인	마승민 씨는 수원에 거주하며 데이터 분석가로 일하는 29세 청년으로, 사교적인 성격과 즉흥적인 면모를 가진 전략가 지망생입니다…
A0172	A	25	남자	산업 안전원	경기	경기-화성시	#직장인	황기한 씨는 화성시 공단에서 근무하는 꼼꼼한 산업 안전원이자, 인문학적 감성으로 자신만의 아늑한 방을 꾸미는 것을 좋아하는 2…
A0173	A	37	여자	국가행정 사무원	인천	인천-남동구	#직장인	김지민 씨는 인천 구월동에서 근무하는 37세 국가행정 사무원으로, 안정적인 직장 생활과 홀로 즐기는 정적인 휴식 사이에서 균형…
A0174	A	34	남자	철도운송 관련 종사원	세종	세종-세종시	#직장인 #테크회의론	고주원 씨는 세종시에서 철도 신호 제어 업무를 담당하며 전문성과 안정을 추구하지만, 내면의 예민함과 불안을 나홀로 여행과 게임…
A0175	A	29	남자	경영 기획 사무원	대전	대전-서구	#고디지털 #약관정독 #직장인 #테크회의론	심종훈 씨는 대전에서 소매업 경영 기획자로 일하며 법학 지식과 데이터 분석 능력을 갖춘 29세 청년이지만, 고혈압과 복부 비만…
A0176	A	22	남자	금형원	대구	대구-달성군	#직장인 #테크회의론	김규진 씨는 투박한 공단 현장에서 정밀한 금형을 깎으며 내면에는 섬세한 예술가적 감성을 품고 살아가는 20대 청년입니다.
A0177	A	33	남자	관세행정 사무원	경기	경기-화성시	#고디지털 #직장인	이기홍 씨는 동탄에서 자가를 보유한 채 안정적인 관세행정직으로 근무하며, 사회적 관계와 미식의 즐거움을 쫓지만 건강 관리에는 …
A0178	A	26	여자	전화 상담원	경기	경기-평택시	#직장인	주소미 씨는 평택에서 사회복지 상담원으로 일하며 경제적 자립과 정서적 안정을 동시에 잡은 실속 있는 20대 청년입니다.
A0179	A	32	남자	시스템 소프트웨어 설계 및 분석가	경기	경기-성남시 분당구	#고디지털 #직장인	강정식 씨는 분당에서 출판 시스템 설계자로 일하며, 퇴근 후 어머니와의 소박한 일상과 주말의 고요한 낚시를 통해 삶의 균형을 …
A0180	A	38	남자	경리 사무원	서울	서울-구로구	#고디지털 #직장인	유정윤 씨는 구로구 의류 제조업체 경리원으로 일하며 가족의 생계를 책임지는 성실하고 현실적인 38세 가장입니다.
A0181	A	26	여자	유리 관련 기능 종사원	강원	강원-원주시	#직장인	정유민 씨는 원주에서 유리 가공 기술자로 일하며 경제적 자립을 이룬, 소탈하면서도 야무진 20대 중반의 여성입니다.
A0182	A	29	남자	사무 보조원	경기	경기-고양시 일산동구	#고디지털 #직장인 #테크회의론	이선호 씨는 일산의 안정감 속에서 성장해 타인에 대한 배려와 실무적 정교함을 갖춘, 독립을 꿈꾸는 20대 후반의 사무 행정 전…
A0183	A	29	여자	마케팅 전문가	경기	경기-수원시 영통구	#직장인	최서현 씨는 서양미술사 전공의 감각을 식료품 마케팅에 녹여내며, 나홀로 온천 여행과 소극장 연극으로 스트레스를 해소하는 수원 …
A0184	A	26	여자	시설 경비원	경상북	경상북-상주시	#저디지털 #직장인	박예원 씨는 상주의 문화시설에서 성실하게 근무하며 안정적인 삶의 울타리를 쌓아가고, 빵과 유튜브 쇼츠, 그리고 고요한 휴식으로…
A0185	A	28	여자	한식 조리사	전북	전북-전주시 완산구	#저디지털 #직장인	송민경 씨는 전주의 전통적인 정취와 현대적인 감각을 동시에 품은 28세 한식 조리사로, 독립적인 생활 속에서 소소한 미식과 뷰…
A0186	A	22	남자	요업·세라믹공학 기술자 및 연구원	경기	경기-구리시	#직장인	오민웅 씨는 구리시에 거주하며 세라믹 공정 설계 분야에서 실질적인 성과를 내고 있는, 트렌디한 감각과 야심을 가진 22세 엔지…
A0187	A	24	남자	고무·플라스틱 기술자 및 연구원	인천	인천-미추홀구	#저디지털 #직장인	장성목 씨는 인천 미추홀구의 정겨운 분위기 속에서 성장한 고분자 소재 연구원으로, 성실한 직장 생활과 소소한 개인적 취향 사이…
A0188	A	22	남자	전화 상담원	경기	경기-남양주시	#직장인	손세준 씨는 공학적 논리와 서비스 정신을 겸비한 물류 전문가 지망생으로, 도시의 편리함과 자연의 평온함 사이에서 심리적 균형을…
A0189	A	21	남자	정육가공원	충청남	충청남-논산시	#저디지털 #직장인 #테크회의론	유은혁 씨는 논산에서 정육 가공 기술을 닦으며 자신만의 특수 부위 전문점을 꿈꾸는, 섬세한 예술가적 기질을 가진 21세 청년입…
A0190	A	19	남자	전화 상담원	경기	경기-수원시 권선구	#직장인	정선용 씨는 수원 권선구에서 나고 자란 19세 사회초년생으로, 꼼꼼한 성격의 전자부품 상담원이자 가족과 이웃을 아끼는 속 깊은…
A0191	A	28	남자	환경 관련 관리자	경기	경기-평택시	#직장인 #테크회의론	박예준 씨는 평택의 환경 관리자로 일하며 정적인 휴식과 가족의 안정감을 소중히 여기는 신중하고 섬세한 성격의 청년입니다.
A0192	A	31	남자	토목 제도사	인천	인천-서구	#직장인	정민석 씨는 인천 서구에서 성실하게 근무하는 토목 제도사로, 소박한 가정의 행복과 정교한 설계 업무, 그리고 정적인 취미 생활…
A0193	A	20	남자	철도운송 관련 종사원	경기	경기-파주시	#직장인	김민찬 씨는 파주 철도 현장에서 성실하게 근무하며 외적인 깔끔함과 내적인 책임감을 동시에 추구하는, 실용적이고 사교적인 20세…
A0194	A	38	남자	연삭기 및 연마기 조작원	충청북	충청북-청주시 흥덕구	#직장인	류성호 씨는 정밀한 기술력과 책임감을 갖춘 숙련공이자, 가족의 울타리 안에서 소박한 휴식과 안정을 찾는 서른여덟 살의 충청도 …
A0195	A	29	남자	광고 전문가	경기	경기-성남시 분당구	#고디지털 #직장인	고지우 씨는 공학적 논리와 광고적 감성을 동시에 갖춘 20대 후반의 전문가로, 사람들과 어울리는 것을 좋아하며 외모 가꾸기와 …
A0196	A	22	남자	시설 경비원	경기	경기-시흥시	#고디지털 #보안민감 #직장인	이재엽 씨는 보건복지 전공 지식을 갖춘 시흥의 유능한 보안 요원으로, 높은 소득을 바탕으로 미래의 사업가 꿈을 키우며 활동적인…
A0197	A	27	남자	음료 서비스 종사원	경기	경기-포천시	#고디지털 #직장인 #창업준비	윤윤호 씨는 포천의 평온한 일상과 서비스직의 치열함 사이에서, 꼼꼼한 기록과 정교한 취향을 바탕으로 자신만의 작은 하이볼 바를…
A0198	A	26	여자	음식 서비스 종사원	경기	경기-수원시 권선구	#직장인	김연수 씨는 공공기관 식당에서 성실하게 일하며 안정적인 삶을 살아가지만, 가슴 한구석엔 자신만의 감성이 담긴 작은 빵집을 차리…
A0199	A	21	남자	생산관리 사무원	경기	경기-연천군	#고디지털 #직장인	차종서 씨는 연천의 농촌 현장에서 정밀한 데이터 관리를 수행하며 스마트 팜의 꿈을 키우는, 서브컬처와 예술적 감성을 간직한 2…
A0200	A	37	여자	정보 시스템 운영자	서울	서울-송파구	#직장인	김민지 씨는 송파구 자가 아파트에 거주하며 전문성을 갖춘 시스템 운영자로 일하고, 정적인 휴식과 인테리어, 필라테스로 삶의 균…
A0201	A	21	여자	전화 상담원	부산	부산-남구	#직장인	이미림 씨는 부산 남구에서 어머니와 살며 고된 상담원 생활을 견뎌내는, 내면의 단단함과 섬세한 기록 습관을 가진 21세 청년입…
A0202	A	38	남자	택배원	부산	부산-기장군	#직장인	박승연 씨는 인문학적 감수성을 가진 기장군의 베테랑 택배원으로, 어머니와의 소박한 일상과 롯데 자이언츠를 향한 애정 사이에서 …
A0203	A	27	여자	일반 간호사	서울	서울-관악구	#직장인	민현희 씨는 관악구에서 홀로 거주하며 꼼꼼한 업무 처리와 정적인 휴식 사이에서 삶의 균형을 찾는 27세 간호사입니다.
A0204	A	36	남자	철도운송 관련 종사원	전라남	전라남-장흥군	#저디지털 #직장인	최민수 씨는 전남 장흥에서 철도 운송직으로 성실하게 근무하며, 건강 관리라는 숙제와 소소한 일상의 행복 사이에서 균형을 찾아가…
A0205	A	31	남자	공공행정 사무원	울산	울산-동구	#약관정독 #직장인 #테크회의론	류수용 씨는 울산 동구에서 안정적인 공공행정직으로 근무하며, 체계적인 삶의 궤적과 소소한 일탈 사이에서 균형을 찾는 30대 가…
A0206	A	21	남자	그 외 음식 서비스 종사원	서울	서울-양천구	#직장인 #테크회의론	송재민 씨는 목동 고깃집에서 실무를 익히며 자신만의 외식 브랜드를 꿈꾸는, 책임감 강하고 성실한 21세 청년입니다.
A0207	A	39	여자	직업상담사	울산	울산-북구	#직장인	김하연 씨는 울산 북구에서 안정적인 삶을 일구는 직업상담사로, 정적인 휴식과 소소한 예술적 취향을 통해 삶의 균형을 잡는 30…
A0208	A	36	여자	금형원	충청남	충청남-당진시	#직장인	정선정 씨는 철저한 직업 정신을 가진 금형원이자, 소박한 일상 속에서 예술적 갈망과 건강 고민을 동시에 안고 살아가는 30대 …
A0209	A	36	남자	그 외 철도 및 전동차 기관사	경기	경기-화성시	#직장인	윤현우 씨는 화성시에 거주하며 매끄러운 운전 실력을 갖춘 36세 전동차 기관사로, 야구 관람과 사이클링으로 삶의 활력을 찾는 …
A0210	A	26	남자	외국어 교사	부산	부산-금정구	#저디지털 #직장인	한태형 씨는 부산 금정구에서 고소득 외국어 강사로 일하며 롯데 자이언츠와 삼겹살에 소주를 사랑하는, 안정과 휴식을 중시하는 2…
A0211	A	35	남자	가죽 및 모피 가공원	서울	서울-관악구	#직장인	이대승 씨는 신림동에서 가죽 수선공으로 일하며 안정적인 미래를 꿈꾸는, 현실적이면서도 섬세한 감각을 가진 35세 남성입니다.
A0212	A	36	남자	통신망 운영 기술자 및 연구원	경기	경기-성남시 수정구	#고디지털 #직장인	김무영 씨는 판교의 유능한 네트워크 기술자로 일하며 고가 캠핑과 미식에 몰두하지만, 내면에는 별거로 인한 외로움과 건강에 대한…
A0213	A	34	남자	일반 비서	경상북	경상북-영주시	#고디지털 #직장인	김문기 씨는 공학적 식견으로 농업 법인의 효율을 높이려는 30대 중반의 행정 전문가이자, 고택 사진과 온라인 게임으로 일상의 …
A0214	A	21	남자	플랜트공학 기술자 및 연구원	대전	대전-서구	#직장인	손관형 씨는 둔산동의 화려한 밤문화와 플랜트 현장의 정교한 기술 세계, 그리고 부모님의 따뜻한 집밥 사이에서 자신만의 균형을 …
A0215	A	33	여자	그 외 전기공학 기술자 및 연구원	부산	부산-해운대구	#직장인	곽영선 씨는 해운대에서 가전 수리 기술자로 일하며 정밀한 기술력과 유연한 소통 능력을 갖췄지만, 내면에는 고독과 정적인 휴식을…
A0216	A	32	남자	금형원	경기	경기-화성시	#직장인	김현성 씨는 정밀 금형 기술과 타인에 대한 깊은 배려심을 갖춘 30대 기술자로, 화성시 공단 생활 속에서 소박한 가드닝과 나홀…
A0217	A	33	남자	중식 조리사	경기	경기-양주시	#고디지털 #직장인 #창업준비	김근호 씨는 양주에서 활동하는 유능하지만 불안함이 많은 30대 중식 조리사로, 화려한 웍질 실력과 세심한 창업 준비 사이에서 …
A0218	A	21	여자	그 외 미용 관련 서비스 종사원	서울	서울-금천구	#직장인	김현빈 씨는 화려한 네일 아트와 달콤한 디저트에 진심인, 감성적인 Z세대 사회초년생입니다.
A0219	A	39	여자	지방행정 사무원	서울	서울-마포구	#고디지털 #직장인	이지아 씨는 꼼꼼한 행정직 공무원의 삶과 예술적 감수성을 지닌 기획자의 꿈 사이에서 균형을 잡으며 마포구에서 살아가는 30대 …
A0220	A	24	남자	건물 경비원	서울	서울-성북구	#고디지털 #보안민감 #직장인	박동겸 씨는 성북구 출판사 건물 경비원으로 근무하며, 현실적인 생존 본능과 예술적 감수성을 동시에 지닌 24세 청년입니다.
A0221	A	33	여자	범용 소프트웨어 프로그래머	경기	경기-군포시	#고디지털 #직장인 #테크회의론	이은별 씨는 군포시에서 부모님과 함께 거주하며 안정적인 소프트웨어 개발 업무와 소소한 취미 생활 사이에서 조화로운 삶을 꾸려가…
A0222	A	25	여자	경리 사무원	경기	경기-의정부시	#직장인	이동주 씨는 의정부의 조경 회사에서 근무하며 마른 비만과 혈당 고민을 안고 살아가지만, 반려견과의 산책과 배달 음식, 그리고 …
A0223	A	22	남자	인사 및 노무 사무원	경기	경기-성남시 분당구	#약관정독 #직장인	오인서 씨는 분당의 정돈된 환경에서 자라 꼼꼼한 행정 처리 능력을 갖춘 22세 인사 사무원이자, 실용적인 삶과 소소한 개인적 …
A0224	A	21	남자	그 외 용접원	전라남	전라남-영암군	#직장인	박원희 씨는 영암에서 특수 용접 기술을 익히며 자신만의 작업실을 꿈꾸는, 소박한 시골의 삶과 도시의 활기를 동시에 품은 21세…
A0225	A	29	여자	보육 관련 시설 서비스 종사원	경기	경기-수원시 영통구	#직장인	김슬아 씨는 꼼꼼한 업무 처리와 사교적인 성격을 가진 29세 보육교사이며, 애니메이션 시청과 디저트 빵 투어로 일상의 스트레스…
A0226	A	39	남자	섬유 공정 개발 기술자 및 연구원	서울	서울-성동구	#직장인 #테크회의론	이다운 씨는 성수동의 변화를 지켜보며 성장한 섬유 공정 전문가로, 자가 주택의 안정감 속에서 자연과 가족, 그리고 재생 소재라…
A0227	A	25	여자	관리 비서	서울	서울-동대문구	#고디지털 #직장인 #테크회의론	이소진 씨는 꼼꼼한 업무 처리 능력과 예민한 감수성을 동시에 지닌, 독립적인 삶을 꾸려가는 20대 중반의 관리 비서입니다.
A0228	A	20	남자	승용차 및 승합차 운전원	서울	서울-강북구	#직장인	조윤호 씨는 성실한 운전 업무와 철저한 저축으로 자신만의 사업을 꿈꾸며, 당뇨 관리와 효심 사이에서 균형을 잡고 살아가는 스무…
A0229	A	34	남자	철도운송 관련 종사원	부산	부산-해운대구	#저디지털 #직장인	조도건 씨는 예의 바른 태도로 철도 현장을 지키는 성실한 직장인이지만, 집에서는 혈당 수치와 타협하며 게임과 치킨에 몰두하는 …
A0230	A	26	여자	통신기기 기술자 및 연구원	경기	경기-화성시	#직장인	김윤선 씨는 동탄 신도시에서 자가를 보유하고 통신 기술자로 일하며, 꼼꼼한 직업 정신과 사교적인 성격, 그리고 식물 가꾸기와 …
A0231	A	22	여자	관리 비서	경기	경기-양주시	#고디지털 #직장인	이슬기 씨는 양주에서 비서로 일하며 현실적인 경제적 자립을 준비하는, 내면의 사색적 성향과 20대 특유의 디지털 감성이 공존하…
A0232	A	30	남자	그 외 화학제품 생산기 조작원	대구	대구-달성군	#고디지털 #직장인	이상현 씨는 대구 달성군에서 제약 공정 조작원으로 일하며 식물 키우기와 요리, 게임으로 마음을 달래는, 섬세하고 책임감 강하지…
A0233	A	33	여자	관리 비서	서울	서울-마포구	#고디지털 #보안민감 #직장인	남선영 씨는 마포구에 거주하며 금융권 비서로 근무하는 33세 여성으로, 예술적 감성과 철저한 직업 정신을 동시에 지닌 채 가족…
A0234	A	30	여자	경리 사무원	충청남	충청남-당진시	#직장인	전민주 씨는 당진에서 농업 경리로 일하며 3세대 가족의 갈등을 유연하게 조율하지만, 혼자만의 휴식과 맛있는 음식 여행으로 삶의…
A0235	A	39	여자	음식 배달원	경상남	경상남-김해시	#직장인	권예리 씨는 김해의 지리를 꿰고 있는 성실한 배달원이자, 어머니와의 안온한 노후를 꿈꾸며 소소한 일상의 행복과 건강을 가꾸는 …
A0236	A	30	남자	경리 사무원	경기	경기-평택시	#가격깐깐 #직장인	안원국 씨는 평택 고덕신도시에서 꼼꼼한 가계 관리와 성실한 회계 업무로 내실 있는 삶을 일궈가는 30대 직장인입니다.
A0237	A	37	남자	소방시설 공사 기술자 및 연구원	서울	서울-은평구	#직장인	황주일 씨는 은평구의 익숙한 풍경 속에서 소방 기술자의 전문성을 쌓아가며, 느긋한 일상과 실용적인 가치를 추구하는 현실적인 3…
A0238	A	34	남자	전직 판매 사무원, 현재 구직중	서울	서울-영등포구	#비경제활동	김선욱 씨는 교육학적 소양과 꼼꼼한 관리 능력을 갖춘 전직 판매직으로, 현재 영등포에서 역사 탐방과 게임을 즐기며 기업 교육 …
A0239	A	31	남자	컴퓨터 시스템 설계 및 분석가	대전	대전-서구	#고디지털 #직장인 #테크회의론	윤병수 씨는 대전 둔산동에서 어머니와 거주하며 고소득 시스템 분석가로 일하는 31세 남성으로, 예민한 감수성과 논리적인 전문성…
A0240	A	34	여자	그 외 상점 판매원	경기	경기-안성시	#가격깐깐 #고디지털 #직장인	김여진 씨는 안성에서 꼼꼼하게 매장을 관리하며 내 가게를 꿈꾸는, 실용적인 가치관과 소소한 미식의 즐거움을 아는 30대 여성입…
A0241	A	27	여자	상품 기획자	서울	서울-마포구	#직장인	신원희 씨는 보건복지 전공을 살려 1인 가구를 위한 기능성 가구를 만드는 상품 기획자로, 새벽 수영과 독립 서점 탐방을 즐기는…
A0242	A	26	남자	위성방송 안테나 설치 및 수리원	강원	강원-동해시	#직장인	김준민 씨는 동해시에서 위성 안테나 설치원으로 일하며 친구들과 함께 사는, 건강 관리의 필요성과 식도락의 즐거움 사이에서 갈등…
A0243	A	25	남자	그 외 전기공학 기술자 및 연구원	전북	전북-전주시 완산구	#직장인 #테크회의론	장동호 씨는 전주에서 가전 수리 기술자로 일하며 일찍 가정을 꾸린, 건강 관리가 시급한 20대 가장입니다.
A0244	A	31	남자	특허 사무원	광주	광주-북구	#직장인	고우람 씨는 광주에서 근무하는 꼼꼼한 성격의 특허 사무원으로, 가족과의 유대를 중시하며 소소한 인테리어와 조깅으로 일상을 가꾸…
A0245	A	38	남자	그 외 금융 사무원	경기	경기-오산시	#고디지털 #직장인	고학서 씨는 건설 금융의 정밀함과 미식 및 자기 관리에 대한 섬세한 취향을 동시에 가진, 신도시 내 집 마련을 꿈꾸는 30대 …
A0246	A	33	여자	무대의상 관리원	서울	서울-강서구	#저디지털 #직장인	한지혜 씨는 무대 뒤의 긴박한 수선 현장과 마곡나루의 정적인 일상 사이에서 균형을 잡고 살아가는, 실용적이면서도 섬세한 감각을…
A0247	A	30	남자	산업 안전원	부산	부산-동구	#약관정독 #직장인	정동희 씨는 부산 동구의 거친 현장과 대학원의 학문적 배경을 모두 섭렵한, 실용주의적 사고를 가진 30대 산업 안전 전문가입니…
A0248	A	33	여자	조세행정 사무원	경상남	경상남-창원시 진해구	#고디지털 #약관정독 #직장인	안진솔 씨는 진해에서 조세행정 사무원으로 일하며 가족과의 유대와 소소한 일상의 평온함을 최우선으로 여기는 30대 여성입니다.
A0249	A	20	여자	전직 일반 비서, 현재 구직중	경기	경기-파주시	#비경제활동	김한나 씨는 비서로서의 꼼꼼함과 20대의 트렌디한 감각을 동시에 갖춘, 파주 운정신도시의 스마트한 구직자입니다.
A0250	A	20	남자	정보 보안 전문가	경기	경기-성남시 분당구	#고디지털 #보안민감 #직장인	전재원 씨는 분당에서 아버지와 함께 살며 전자책 보안 실무를 담당하는 20세 청년으로, 배드민턴과 분식을 사랑하며 독립을 꿈꾸…
A0251	A	33	남자	음식 서비스 종사원	경상북	경상북-구미시	#직장인	황강지 씨는 구미의 식당 종사자로, 성실한 업무 태도와 정적인 취향을 가졌으며 아내와 함께할 미래의 작은 가게를 꿈꾸는 30대…
A0252	A	23	남자	특허 사무원	서울	서울-노원구	#직장인 #테크회의론	송준형 씨는 꼼꼼한 업무 처리 능력과 트렌디한 취향을 동시에 가진, 성실함과 여유 사이에서 균형을 잡고 살아가는 20대 초반의…
A0253	A	29	남자	네트워크 프로그래머	서울	서울-노원구	#고디지털 #직장인	권유상 씨는 노원구에 거주하며 전자책 전송 시스템을 설계하는 29세 네트워크 프로그래머로, 베이커리 탐방과 전략 보드게임을 즐…
A0254	A	23	여자	바텐더	경기	경기-화성시	#직장인	최윤진 씨는 술을 마시지 않는 바텐더로서 타인의 감정을 섬세하게 읽어내며, 필라테스와 필름 사진으로 내면의 균형을 찾는 20대…
A0255	A	27	여자	수의사	대구	대구-달서구	#직장인 #테크회의론	이지은 씨는 인문학적 감성과 수의학적 전문성을 동시에 갖춘, 섬세하고 예민한 완벽주의 성향의 대동물 수의사입니다.
A0256	A	20	남자	승용차 및 승합차 운전원	대전	대전-유성구	#직장인	박정윤 씨는 대전의 길을 훤히 꿰고 있는 20세 운전원으로, 부모님과 함께 살며 소소한 배달 음식과 드라이브로 스트레스를 푸는…
A0257	A	24	여자	그 외 경영 지원 관리자	인천	인천-남동구	#고디지털 #직장인	안현수 씨는 정보통신기술 전공 지식을 외식업 관리에 접목해 효율을 찾는 사회초년생이자, 사진과 필라테스로 내면의 균형을 잡으려…
A0258	A	38	여자	경리 사무원	전북	전북-남원시	#고디지털 #직장인	서은선 씨는 남원 기계 수리업체의 핵심 경리로 일하며 지리산의 자연과 웹툰, 이웃 간의 정을 통해 삶의 균형을 잡는 30대 여…
A0259	A	28	남자	중식 조리사	서울	서울-동대문구	#직장인	홍재현 씨는 동대문구에서 실무 능력을 인정받는 28세 중식 조리사로, 현실적인 감각과 즉흥적인 성격을 가진 채 동네 맛집 사장…
A0260	A	29	여자	전직 경리 사무원, 현재 구직중	서울	서울-송파구	#고디지털 #비경제활동	윤지수 씨는 실용적인 전공 지식과 꼼꼼한 행정 능력을 갖췄으나, 정서적 안정과 평범한 일상을 최우선으로 여기며 조용히 재취업을…
A0261	A	25	남자	이용사	대구	대구-북구	#직장인	임태웅 씨는 대구 북구에서 섬세한 가위질로 꿈을 키워가는 25세 이용사로, 소박한 일상의 질서와 사람 사이의 온기를 소중히 여…
A0262	A	32	남자	보안 관제원	강원	강원-삼척시	#고디지털 #보안민감 #직장인 #테크회의론	윤명근 씨는 삼척에서 보안 관제원으로 근무하며 원칙과 안정을 중시하는 신중한 성격의 32세 미혼 남성입니다.
A0263	A	38	남자	산불 감시원	경기	경기-안양시 동안구	#직장인	송영문 씨는 산불 감시원으로서의 전문성과 아버지에 대한 책임감을 지닌 채, 경제적 안정과 개인적 자유를 꿈꾸는 30대 후반의 …
A0264	A	23	남자	총무 사무원	대전	대전-서구	#고디지털 #직장인	용건희 씨는 대전의 섬유 공장에서 일하며 꼼꼼한 업무 처리와 소박한 예술적 취향, 가족에 대한 애정을 가진 20대 청년입니다.
A0265	A	20	여자	전직 중식 조리사, 현재 구직중	서울	서울-노원구	#비경제활동	문다빈 씨는 정교한 중식 조리 실력을 갖춘 20세 청년으로, 현재 노원구에서 홀로 지내며 안정적인 직장과 소박한 일상의 행복을…
A0266	A	38	남자	시설 경비원	경기	경기-안양시 동안구	#직장인	조성빈 씨는 안양에서 근무하는 사교성 좋은 시설 경비원으로, 내 집 마련의 꿈을 꾸며 사람들과 어울리는 삶에서 행복을 찾는 3…
A0267	A	27	여자	제책 및 재단용 기계 조작원	경기	경기-수원시 장안구	#저디지털 #직장인	정민주 씨는 수원에서 제책 기계를 조작하는 숙련된 기술자로, 실용적인 가치관과 강한 책임감을 바탕으로 고소득을 올리며 대가족과…
A0268	A	33	남자	그 외 전기공학 기술자 및 연구원	서울	서울-송파구	#직장인	백정현 씨는 농학 전공 후 전기 기술자로 전향해 빈티지 기기 수리에 정통하며, 송파구에서 어머니와 함께 살며 소박한 기술자의 …
A0269	A	38	남자	금속공학 시험원	광주	광주-서구	#직장인	문승연 씨는 꼼꼼한 금속공학 전문가의 냉철함과 전남 노포를 사랑하는 미식가의 다정함, 그리고 내면의 불안을 게임과 사우나로 달…
A0270	A	35	남자	보육교사	인천	인천-미추홀구	#저디지털 #직장인	한세웅 씨는 인천 미추홀구에서 아이들을 돌보는 보육교사로 일하며, 소박한 일상과 가족과의 고요한 휴식에서 행복을 찾는 35세 …
A0271	A	23	남자	품질 관리 사무원	경기	경기-의왕시	#고디지털 #직장인	최민철 씨는 의왕시에 거주하는 23세 전자부품 품질 관리 사무원으로, 원만한 대인관계와 미식에 대한 열정을 가졌지만 고도비만과…
A0272	A	32	남자	그 외 전자공학 기술자 및 연구원	경기	경기-광주시	#고디지털 #직장인	주성준 씨는 의료기기 분야의 유능한 엔지니어이자, 가족과의 식도락과 운동을 통해 삶의 활력을 찾는 다정한 남편입니다.
A0273	A	30	남자	전화 상담원	대전	대전-서구	#직장인	황선욱 씨는 대전 서구에서 부동산 상담원으로 일하며 내 집 마련과 공인중개사 자격 취득을 꿈꾸는, 예술적 감성과 현실적 책임감…
A0274	A	22	여자	예약 및 접수 사무원	충청남	충청남-천안시 동남구	#가격깐깐 #고디지털 #직장인	최규리 씨는 천안의 보건업 사무원으로 일하며 어린 나이에 가정을 꾸려 책임감 있게 살아가는, 꼼꼼하고 성실하지만 내면의 불안을…
A0275	A	31	남자	화학물 증류기 및 반응기 조작원	경기	경기-용인시 처인구	#직장인	위동원 씨는 용인 처인구의 화학 공정 전문가로서 안정적인 직장 생활과 배드민턴, 식물 가꾸기라는 소박한 취미를 병행하며 부모님…
A0276	A	38	여자	음식 서비스 종사원	부산	부산-부산진구	#직장인 #창업준비	안혜영 씨는 부산의 식당에서 성실히 일하며 시부모님을 모시고 사는, 안정과 조화를 중시하는 30대 후반의 여성입니다.
A0277	A	20	여자	지게차 운전원	경기	경기-평택시	#직장인	오예닮 씨는 평택의 산업 현장에서 지게차를 운전하며 독립을 꿈꾸는, 정적인 휴식과 역사 여행을 사랑하는 스무 살 청년입니다.
A0278	A	33	남자	여객차 및 화차 정비원	경기	경기-이천시	#저디지털 #직장인	이종민 씨는 이천에서 철도차량 정비를 하며 성실하게 살아가지만, 혼자만의 고요한 휴식과 치킨 한 마리의 소소한 행복을 쫓는 3…
A0279	A	35	남자	농업 단순 종사원	충청남	충청남-부여군	#저디지털 #직장인	한재민 씨는 부여의 유적지와 흙냄새 속에 살아가는 성실한 농업 종사자로, 기계 정비 능력과 역사에 대한 애정을 가진 조용한 3…
A0280	A	36	남자	광고 전문가	서울	서울-강서구	#고디지털 #직장인	정창효 씨는 공학적 사고와 광고적 감각을 동시에 지닌 채, 부모님과 함께 거주하며 미식과 스포츠 관람으로 일상의 여백을 채우는…
A0281	A	22	여자	그 외 전기공학 기술자 및 연구원	경상남	경상남-김해시	#고디지털 #직장인 #테크회의론	강수연 씨는 보건복지 전공 후 전기공학 기술자로 전향한 22세 청년으로, 높은 소득과 전문성을 갖췄으나 고도비만과 혈압 관리라…
A0282	A	36	여자	한식 조리사	경기	경기-수원시 팔달구	#직장인	황정은 씨는 수원 행궁동의 작은 1인 식당을 꿈꾸며 성실하게 일하는 조리사이자, 자연의 질감과 예술적 공간에 매료된 섬세한 감…
A0283	A	22	여자	조세행정 사무원	전북	전북-군산시	#고디지털 #직장인	이미연 씨는 군산에서 조세행정 사무원으로 근무하며 안정적인 삶을 살고 있지만, 내면에는 독립 서점을 꿈꾸는 예술적 갈망과 자유…
A0284	A	20	남자	국가행정 사무원	경기	경기-용인시 기흥구	#직장인	차수혁 씨는 용인의 공무원으로서 안정적인 삶을 추구하며, 고도비만과 흡연이라는 건강 위험을 안고 있지만 친구들과의 당구와 맛집…
A0285	A	34	남자	일식 조리사	경상남	경상남-진주시	#직장인	박도엽 씨는 진주에서 성실하게 일식집을 운영하며, 건강 문제는 안고 있지만 가족과 함께하는 정적인 삶에서 행복을 찾는 34세 …
A0286	A	27	남자	육군 병사	서울	서울-양천구	#직장인	이진건 씨는 목동의 성실한 모범생이자 군대의 유능한 행정병이며, 미래의 회계사를 꿈꾸며 스스로를 엄격하게 통제하는 현실주의자입…
A0287	A	28	남자	어패류가공 기계 조작원	광주	광주-서구	#직장인	이성빈 씨는 성실한 기계 조작원이자 효심 깊은 아들로, 정갈한 일식 취향과 보드게임을 즐기는 반전 매력을 가진 광주의 20대 …
A0288	A	24	남자	생산관리 사무원	강원	강원-춘천시	#고디지털 #보안민감 #직장인	김유겸 씨는 춘천에서 근무하는 유능한 건설 생산관리 사무원으로, 높은 소득과 실무 능력을 갖췄지만 내면의 불안감을 완벽주의로 …
A0289	A	21	남자	자재 관리 사무원	경기	경기-화성시	#고디지털 #직장인	김상혁 씨는 화성시에서 근무하는 21세의 자재 관리 사무원으로, 일찍 사회생활을 시작한 실속 있는 감각과 조용하고 균형 잡힌 …
A0290	A	26	남자	농약·비료 기술자 및 연구원	충청남	충청남-당진시	#저디지털 #직장인 #테크회의론	임준형 씨는 당진의 농촌 현장과 대학원의 학구적 배경을 모두 갖춘 비료 연구원으로, 미식 탐방과 블로그 기록을 즐기며 건강 관…
A0291	A	35	남자	인사 및 노무 사무원	서울	서울-관악구	#고디지털 #약관정독 #직장인	김명국 씨는 공학적 이성과 인사 실무의 유연함을 겸비한 30대 직장인으로, 건강상의 취약점에도 불구하고 게임과 술, 그리고 자…
A0292	A	26	남자	그 외 금속 및 재료 공학 시험원	부산	부산-동구	#직장인 #테크회의론	김영진 씨는 정밀한 금속 시험 업무를 수행하는 꼼꼼한 기술자이면서도, 일상의 산책과 역사 여행을 통해 정서적 안정을 찾는 부산…
A0293	A	20	여자	컴퓨터 소프트웨어 개발 관리자	경상북	경상북-구미시	#고디지털 #직장인	신은혜 씨는 구미의 회색빛 공단 속에서 따뜻한 소프트웨어를 꿈꾸며, 필름 카메라와 산책으로 정서를 돌보는 20대 개발자입니다.
A0294	A	20	여자	그 외 건축 마감 관련 기능 종사원	경기	경기-고양시 일산동구	#고디지털 #직장인	임혜리향 씨는 일산에서 활동하는 20세 건축 마감 전문가로, 정교한 기술력과 계획적인 삶의 태도를 바탕으로 자신만의 스튜디오를…
A0295	A	19	남자	그 외 일반 영업원	광주	광주-광산구	#직장인	정진제 씨는 서비스직의 유연함과 예술가적 감수성을 동시에 지닌 채, 광주의 어느 골목에서 자신만의 서점 겸 카페를 꿈꾸는 19…
A0296	A	32	남자	그 외 화물차 및 특수차 운전원	경기	경기-파주시	#직장인 #테크회의론	지재영 씨는 파주에서 특수 차량을 운전하며 자가 아파트에 거주하지만, 낮은 소득과 고혈압, 고도비만이라는 건강 문제를 안고 살…
A0297	A	24	여자	지방행정 사무원	전라남	전라남-화순군	#직장인	이미정 씨는 화순군청의 유연한 행정 사무원이자, 자연과 반려견을 사랑하며 소소한 일상의 행복과 정시 퇴근을 가치 있게 여기는 …
A0298	A	37	남자	전직 경·소형 화물차 운전원, 현재 구직중	경기	경기-수원시 팔달구	#비경제활동 #창업준비	한형수 씨는 수원의 지름길을 꿰고 있는 전직 화물차 운전원으로, 예술적 감수성과 건강 문제라는 상반된 고민을 안고 새로운 삶의…
A0299	A	21	여자	음식 서비스 종사원	충청북	충청북-충주시	#직장인	엄희솔 씨는 삶의 굴곡을 통해 얻은 현실적인 감각과 예술적 감수성을 동시에 지닌 채, 자신만의 작은 빵집을 꿈꾸며 묵묵히 내일…
A0300	A	32	여자	검표원	대전	대전-유성구	#직장인	김희정 씨는 대전 유성구에서 검표원으로 근무하며 교육학적 전문성으로 업무 효율을 높이는, 빵과 산책을 사랑하는 32세 미혼 여…
A0301	A	36	남자	건물 내 전기 설치 및 정비원	경기	경기-의정부시	#직장인	이동건 씨는 전기 정비 분야의 탁월한 기술력과 비주류 예술에 대한 섬세한 감성을 동시에 지닌 외유내강형의 30대 기술자입니다.
A0302	A	28	남자	그 외 유리 제조 및 가공기 조작원	세종	세종-세종시	#직장인	임재영 씨는 세종시에서 유리 가공 기술자로 근무하며 성실함과 정밀함을 바탕으로 안정적인 일상을 가꾸어가는 20대 청년입니다.
A0303	A	20	여자	한식 조리사	서울	서울-도봉구	#직장인	조봄이 씨는 도봉구에서 자가 주택을 마련한 스무 살의 한식 조리사로, 탁월한 실무 능력과 사교성을 겸비한 현실적인 청년입니다.
A0304	A	21	여자	전직 보육 관련 시설 서비스 종사원, 현재 구직중	서울	서울-서초구	#비경제활동	박현지 씨는 서초구의 안정적인 환경에서 자라 배려심과 꼼꼼함을 갖춘 전직 보육 교사로, 현재는 국공립 어린이집 입사를 꿈꾸며 …
A0305	A	24	남자	데이터 분석가	전북	전북-익산시	#고디지털 #직장인 #테크회의론	이용원 씨는 신중한 데이터 분석가로서의 전문성과 정적인 자연 속에서 위안을 얻는 내향적인 성향, 그리고 기름진 음식으로 스트레…
A0306	A	34	남자	교육 및 훈련 사무원	서울	서울-성동구	#고디지털 #직장인 #테크회의론	이예훈 씨는 성수동에 거주하며 전기장비 교육 행정을 완벽하게 처리하는 꼼꼼한 성격의 소유자로, 계획적인 삶과 예상치 못한 방전…
A0307	A	34	여자	범용 소프트웨어 프로그래머	경기	경기-구리시	#고디지털 #직장인	오송이 씨는 날카로운 개발 실력과 섬세한 정서적 기복을 동시에 지닌 채, 구리시에서 미식과 산책으로 삶의 균형을 잡으려 노력하…
A0308	A	24	여자	산업 안전원	서울	서울-중랑구	#직장인	윤유주 씨는 낮은 처우의 산업 안전원으로 일하며 완벽주의적 성향과 미래에 대한 야망 사이에서 치열하게 성장하고 있는 20대 청…
A0309	A	33	남자	회계 사무원	경상북	경상북-상주시	#고디지털 #직장인	이동철 씨는 경북 상주에서 꼼꼼한 회계 업무와 헌신적인 가족 부양, 그리고 주각산 등산과 사우나를 통해 삶의 균형을 찾는 30…
A0310	A	24	여자	주방 보조원	경기	경기-양주시	#직장인	허서영 씨는 양주 옥정지구에서 부모님과 거주하며 일식당 책임자를 꿈꾸는 주방 보조원으로, 현실적인 성장과 소소한 취향 사이에서…
A0311	A	36	남자	그 외 화학공학 기술자 및 연구원	서울	서울-영등포구	#고디지털 #직장인	박계백 씨는 수학적 분석력과 예술적 감성을 결합해 세상에 없는 종이를 꿈꾸는, 느긋하면서도 섬세한 30대 연구원입니다.
A0312	A	21	여자	보육교사	경기	경기-의정부시	#저디지털 #직장인	이예완 씨는 아이들의 순수한 시각으로 세상을 바라보며 숲 유치원의 꿈을 키워가는, 예술적 감수성이 풍부한 21세의 보육교사입니…
A0313	A	24	남자	가스 용접원	전라남	전라남-광양시	#저디지털 #직장인	정시온 씨는 광양의 가스 용접원으로 근무하며 성실한 저축과 소소한 식도락, 사우나를 통해 안정을 찾는 20대 청년입니다.
A0314	A	26	여자	보육교사	서울	서울-은평구	#직장인	김현정 씨는 은평구에서 성실하게 근무하는 20대 보육교사로, 대가족 문화의 예절과 MZ세대의 트렌드를 동시에 품은 채 전문성을…
A0315	A	21	남자	전직 회계 사무원, 현재 구직중	부산	부산-부산진구	#고디지털 #비경제활동 #테크회의론	윤지훈 씨는 부산진구에서 가족과 함께 거주하며 안정적인 사무직 취업을 꿈꾸는, 꼼꼼한 성격과 정적인 취향을 가진 21세 청년입…
A0316	A	22	남자	전직 전기 용접원, 현재 구직중	경상남	경상남-창원시 성산구	#비경제활동	우종욱 씨는 정교한 용접 기술을 가진 공학도이자, 상남동의 밤거리와 게임 속 세상을 사랑하는 다정한 성격의 취업 준비생입니다.
A0317	A	29	여자	마케팅 전문가	서울	서울-관악구	#고디지털 #직장인	임수진 씨는 완벽한 업무 처리 능력과 깊은 내면의 불안을 동시에 안고 살아가는 20대 후반의 교육 마케팅 전문가입니다.
A0318	A	27	남자	회계 사무원	서울	서울-강서구	#고디지털 #직장인	노건우 씨는 ICT 전공 지식을 회계 업무에 접목해 효율을 추구하는 강서구 거주 27세 직장인으로, 헬스와 사우나로 스트레스를…
A0319	A	28	남자	법무 사무원	경기	경기-이천시	#약관정독 #직장인	임상윤 씨는 이천의 화학 기업에서 근무하는 꼼꼼한 법무 사무원이자, 식도락 여행과 웹툰을 즐기며 안정적인 삶을 꾸려가는 20대…
A0320	A	30	여자	전직 사무 보조원, 현재 구직중	서울	서울-동작구	#고디지털 #비경제활동	정서림 씨는 흑석동 골목길의 정취 속에서 안정적인 직장을 꿈꾸며, 소소한 디지털 유희와 가족과의 조용한 나들이로 일상의 공허함…
A0321	A	36	남자	그 외 화학제품 생산기 조작원	인천	인천-남동구	#직장인	김기훈 씨는 인천 남동공단의 성실한 기술직 노동자이자, LCK와 현대 미술을 사랑하며 조용한 개인의 삶을 지향하는 30대 중반…
A0322	A	39	여자	전직 총무 사무원, 현재 구직중	경기	경기-수원시 장안구	#비경제활동	나새롬 씨는 교육학 전공의 꼼꼼함과 행정 실무 능력을 갖춘 39세 구직자로, 수원 장안구에서 남편과 생활하며 뷰티와 노래방으로…
A0323	A	23	남자	우편집배원	전북	전북-전주시 완산구	#직장인	이종민 씨는 전주 완산구의 지리를 꿰고 있는 유능한 우편집배원이자, 인디 문화와 사람 사이의 온기를 사랑하는 낭만적인 스물세 …
A0324	A	31	여자	정보 시스템 운영자	부산	부산-남구	#고디지털 #직장인	전은지 씨는 부산 남구의 마당 있는 집에서 부모님과 살며 교육기관의 시스템을 책임지는 유능한 운영자이자, 운동과 맛집 탐방으로…
A0325	A	30	남자	섬유 공정 개발 기술자 및 연구원	대전	대전-대덕구	#직장인	오태환 씨는 교육학 전공의 소통 능력을 갖춘 섬유 공정 연구원으로, 대전에서 아내와 함께 현실적인 행복과 주거 안정을 쫓으며 …
A0326	A	35	남자	영업 관리 사무원	전라남	전라남-목포시	#직장인	이재현 씨는 목포 건설 현장의 실무 해결사이자 T1의 열렬한 팬이며, 자가 아파트라는 안정감 속에서 일식과 산책으로 일상의 균…
A0327	A	33	남자	우편집배원	경상북	경상북-봉화군	#직장인	문승구 씨는 봉화군의 구석구석을 꿰고 있는 성실한 우편집배원이자, 주말마다 홀로 맛집을 찾아다니며 소박한 행복을 누리는 30대…
A0328	A	20	남자	그 외 전기공학 기술자 및 연구원	경기	경기-안양시 동안구	#저디지털 #직장인	김예본 씨는 안양에서 전기 수리공으로 일하며 조부모님을 모시고 사는, 현실적이고 성실한 20대 청년입니다.
A0329	A	23	남자	그 외 물품 이동 장비 조작원	경기	경기-용인시 기흥구	#저디지털 #직장인	권재현 씨는 용인의 펄프 공장에서 지게차를 운전하는 23세 청년으로, 가족에 대한 배려심과 독립적인 공간에 대한 욕구를 동시에…
A0330	A	38	여자	범용 소프트웨어 프로그래머	서울	서울-도봉구	#고디지털 #직장인	정민정 씨는 도봉구에서 자가를 보유한 실무 중심의 소프트웨어 개발자로, 안정적인 가정생활과 소박한 개인적 휴식을 통해 삶의 균…
A0331	A	22	남자	특허 사무원	전라남	전라남-광양시	#직장인	김원호 씨는 전남 광양에서 특허 사무원으로 근무하며 지식재산권 전문가를 꿈꾸는 22세 청년으로, 체계적인 업무 능력과 따뜻한 …
A0332	A	30	남자	그 외 일반 영업원	부산	부산-사하구	#직장인	정형선 씨는 사하구에서 성공한 젊은 영업인으로, 실리적인 경제 관념과 소탈한 성격을 가졌지만 고도비만과 흡연이라는 건강 리스크…
A0333	A	34	남자	경영 기획 사무원	충청남	충청남-천안시 서북구	#가격깐깐 #직장인	김병호 씨는 공학적 정밀함으로 사업장을 관리하며 가족의 안녕과 자산의 안정을 지키는 천안의 성실한 30대 가장입니다.
A0334	A	27	여자	치과위생사	서울	서울-광진구	#직장인	김민주 씨는 광진구에서 형제들을 이끄는 책임감 있는 가장이자, 일터에서는 능숙한 치과위생사로 활동하며 퇴근 후에는 성수동의 문…
A0335	A	35	여자	한식 조리사	경상북	경상북-문경시	#직장인	문은별 씨는 문경의 정취 속에서 한식 조리사로 일하며 소박한 인정과 개인적인 휴식의 가치를 소중히 여기는 30대 여성입니다.
A0336	A	32	남자	그 외 서비스 관련 단순 종사원	경상북	경상북-포항시 북구	#직장인	허동인 씨는 포항에서 가전 수리 일을 하며 내 집 마련의 안정을 찾았지만, 건강 관리와 미래 설계보다는 현재의 소박한 휴식과 …
A0337	A	28	남자	구급 요원	경기	경기-수원시 영통구	#직장인	이형기 씨는 현장의 긴박함은 능숙하게 다루지만 서류 작업은 질색하는, 탄탄한 근육 뒤에 혈당 고민을 숨긴 20대 후반의 실용주…
A0338	A	25	여자	그 외 음식 서비스 종사원	경기	경기-성남시 분당구	#고디지털 #직장인 #창업준비	이소영 씨는 분당의 안정적인 환경 속에서 서비스직 실무를 익히며 자신만의 감성적인 브런치 카페 창업을 꿈꾸는 20대 청년입니다…
A0339	A	33	남자	총무 사무원	경기	경기-수원시 권선구	#고디지털 #직장인	김인수 씨는 수학적 정밀함으로 업무를 처리하면서도 예술적 감성과 고독한 여행을 즐기는, 정교함과 낭만이 공존하는 30대 초반의…
A0340	A	32	여자	데이터 분석가	울산	울산-중구	#고디지털 #직장인	박유라 씨는 울산에서 데이터 분석가로 일하며 안정적인 삶과 개인의 정적인 휴식을 조화롭게 가꾸는 서른두 살의 직장인입니다.
A0341	A	31	남자	전화 상담원	서울	서울-은평구	#직장인	이두현 씨는 은평구에서 물류 상담원으로 일하며 아내와 함께 더 넓은 전셋집으로 이사 가기를 꿈꾸는, 정 많고 현실적인 30대 …
A0342	A	22	남자	금속제품 도장기 조작원	대구	대구-북구	#직장인	박재호 씨는 대구의 금속 공단에서 정밀하게 도장기를 다루는 성실한 청년이자, 퇴근 후에는 게임과 캠핑으로 스트레스를 푸는 어머…
A0343	A	32	남자	그 외 도시 및 교통 관련 전문가	부산	부산-동래구	#직장인	노정혁 씨는 부산의 교통 체계를 설계하는 유능한 전문가이자, 가족을 끔찍이 아끼지만 배달 음식과 흡연 습관을 버리지 못한 평범…
A0344	A	31	남자	119 구조대원	전북	전북-순창군	#직장인	최성호 씨는 순창에서 근무하는 119 구조대원으로, 격투기와 일식 탐방이라는 확실한 취미를 가진 채 친척들과 함께 단독주택에 …
A0345	A	29	남자	산업용로봇 조작원	서울	서울-동대문구	#직장인	임현규 씨는 인문학적 소양을 가진 산업용 로봇 조작원으로, 제조업 현장의 치열함과 퇴근 후의 정적인 삶 사이에서 균형을 찾으려…
A0346	A	25	남자	금형공학 기술자 및 연구원	경기	경기-수원시 권선구	#고디지털 #직장인	이영성 씨는 수원에서 가족과 함께 살며 금형 공학의 정밀함과 경영학적 효율을 동시에 추구하는 25세 기술자로, 홀로 떠나는 역…
A0347	A	32	남자	화학제품 생산 관리자	인천	인천-부평구	#직장인	기영주 씨는 인천 부평에서 의약품 생산 관리자로 근무하며, 가족과의 끈끈한 유대감과 지적 호기심 사이에서 균형을 찾아가는 30…
A0348	A	27	남자	지방행정 사무원	대전	대전-서구	#직장인	최태규 씨는 대전 서구에서 근무하는 능숙한 지방행정 사무원이자, 배달 음식과 게임으로 스트레스를 풀며 안정적인 일상을 추구하는…
A0349	A	30	남자	그 외 교사	전북	전북-전주시 완산구	#직장인	윤은범 씨는 전주의 정서를 품은 공학 전공 교사로, 자가 아파트의 안정감 속에서 건강 관리와 소소한 취미 사이의 균형을 찾으려…
A0350	A	31	남자	생산관리 사무원	경기	경기-성남시 중원구	#고디지털 #직장인	변현조 씨는 성남 중원구에서 근무하는 30대 생산관리 사무원으로, 성실하게 저축하며 분당 입성을 꿈꾸는 현실적이고 배려심 깊은…
A0351	A	32	남자	교육 및 훈련 사무원	경기	경기-군포시	#고디지털 #직장인	이성준 씨는 군포 산본에서 친구들과 거주하며 코딩 부트캠프 행정 전문가로 성장하고 있는, 실용주의적 성향의 32세 남성입니다.
A0352	A	34	남자	수상운송 사무원	제주	제주-제주시	#직장인	장윤범 씨는 제주항에서 근무하는 34세 수상운송 사무원으로, 자가 주택의 안락함과 사우나, 야구 관람, 가족과의 외식을 통해 …
A0353	A	27	남자	조세행정 사무원	강원	강원-춘천시	#약관정독 #직장인 #테크회의론	이명한 씨는 춘천에서 근무하는 꼼꼼한 조세행정 사무원으로, 철저한 자기관리와 사회적 유능함 뒤에 완벽주의적 불안을 간직한 27…
A0354	A	34	남자	전화 상담원	경기	경기-안양시 동안구	#직장인	황주용 씨는 낮에는 감정 노동을 견디는 친절한 상담원으로, 밤에는 인디 게임과 기록에 몰입하며 숲속의 고독을 사랑하는 30대 …
A0355	A	31	남자	자재 관리 사무원	경기	경기-군포시	#가격깐깐 #고디지털 #직장인	한제영 씨는 꼼꼼한 자재 관리 능력과 계획적인 소비 습관을 갖췄으며, 주말의 캠핑과 평일의 정적인 휴식을 통해 삶의 균형을 찾…
A0356	A	34	남자	인쇄 관련 기능 종사원	대전	대전-중구	#저디지털 #직장인	전호성 씨는 손때 묻은 인쇄기 앞에서 장인 정신을 발휘하며 가족을 부양하는, 고요한 내면과 성실한 삶을 가진 30대 숙련공입니…
A0357	A	29	남자	영업 관리 사무원	경기	경기-오산시	#고디지털 #직장인	성용현 씨는 농학 전공 지식을 유통 현장에 접목해 효율적인 물류 시스템을 꿈꾸는, 털털하고 현실적인 20대 후반의 영업 관리자…
A0358	A	25	여자	그 외 일반 영업원	경상북	경상북-경산시	#고디지털 #약관정독 #직장인	권정연 씨는 경산에 거주하며 치밀한 성격과 뛰어난 공감 능력으로 금융 영업 분야에서 빠르게 성장하고 있는 25세의 야심 찬 청…
A0359	A	27	남자	고무제품 조립원	광주	광주-서구	#직장인	박성민 씨는 광주의 고무제품 조립원으로 일하며 정교한 기술력과 미식에 대한 갈망, 그리고 운동에 대한 과한 의욕을 동시에 가진…
A0360	A	25	여자	시내버스 운전원	경기	경기-안산시 단원구	#직장인	이지원 씨는 안산 시내를 누비는 베테랑 버스 운전원으로, 성실한 일상과 화려한 밤의 문화를 동시에 즐기며 내 집 마련의 꿈을 …
A0361	A	34	남자	단말기 및 통신 서비스 판매원	서울	서울-관악구	#약관정독 #직장인	조상휘 씨는 사람의 마음을 읽는 탁월한 영업 감각과 일식에 대한 진심 어린 애정을 가진, 낭만과 현실 사이에서 줄타기 하는 3…
A0362	A	37	여자	번역가	서울	서울-관악구	#직장인	김은정 씨는 관악구에서 부모님과 함께 사는 법률 전문 번역가로, 강한 책임감과 예민한 감수성 사이에서 균형을 잡으며 가족의 안…
A0363	A	32	여자	통신장비 기사	부산	부산-금정구	#고디지털 #직장인	최지은 씨는 부산 금정구에서 통신장비 기사로 일하며 내 집 마련의 꿈을 이룬, 실용성과 책임감이 강한 30대 여성입니다.
A0364	A	27	남자	특수 경비원	경기	경기-의정부시	#고디지털 #보안민감 #직장인	오민석 씨는 성실한 보안 요원으로 일하며 혼자만의 미식 여행과 게임으로 소소한 행복을 찾는, 겉으로는 무던해 보이지만 내면은 …
A0365	A	23	남자	조사 전문가	경기	경기-군포시	#직장인	김수겸 씨는 사람을 다루는 능숙한 사회성과 현실적인 야망을 가졌지만, 생활 습관은 다소 느슨한 20대 초반의 조사 전문가입니다…
A0366	A	22	여자	그 외 음식 서비스 종사원	경상남	경상남-창원시 의창구	#직장인 #창업준비	정다솜 씨는 창원에서 성실하게 일하며 디저트 카페 창업을 꿈꾸는, 외유내강형의 20대 초반 여성입니다.
A0367	A	22	여자	승용차 및 승합차 운전원	경기	경기-남양주시	#직장인 #테크회의론	최보경 씨는 남양주에서 성실하게 운전직으로 근무하며 독립을 꿈꾸는, 소박한 식도락과 휴식을 사랑하는 22세 청년입니다.
A0368	A	33	여자	치과위생사	울산	울산-남구	#직장인 #테크회의론	강보현 씨는 울산 남구에서 자가를 소유하고 치과위생사로 근무하며, 정갈한 미식과 안정적인 일상의 균형을 추구하는 30대 여성입…
A0369	A	31	여자	조미 식품 생산기 조작원	인천	인천-부평구	#직장인	오수영 씨는 부평의 조미 식품 공장에서 감각적인 숙련도를 쌓아가는 기술자이자, 어머니와의 식도락 여행과 웹툰으로 일상의 균형을…
A0370	A	35	남자	그 외 기계공학 기술자 및 연구원	경상남	경상남-창원시 의창구	#직장인	우지수 씨는 창원의 자동차 부품 연구원으로 근무하며 가족에 대한 헌신과 개인의 소소한 즐거움 사이에서 균형을 찾으려 노력하는 …
A0371	A	22	남자	자재 관리 사무원	전북	전북-임실군	#고디지털 #직장인	김민찬 씨는 전북 임실에서 농자재를 관리하는 꼼꼼한 사무원이자, 내면에는 예술적 갈망과 스마트 물류 전문가라는 야심을 동시에 …
A0372	A	37	여자	국가행정 사무원	부산	부산-북구	#직장인	신연선 씨는 부산 북구에서 근무하는 안정적인 공무원이자, 소박한 일상과 휴식을 통해 삶의 균형을 찾는 30대 후반의 여성입니다…
A0373	A	22	남자	국가행정 사무원	대전	대전-유성구	#저디지털 #직장인	조대상 씨는 유성구의 공공기관에서 근무하는 꼼꼼한 성격의 사회과학 전공자로, 식도락 여행과 전략 게임을 즐기는 22세 청년입니…
A0374	A	31	남자	경영 기획 사무원	대구	대구-수성구	#약관정독 #직장인	정정수 씨는 대구 수성구의 안정적인 기반 위에서 성실하게 커리어를 쌓아가는, 보수적이면서도 유연함을 갖춘 30대 직장인입니다.
A0375	A	21	남자	병무행정 사무원	경상북	경상북-경주시	#약관정독 #직장인 #테크회의론	최신혁 씨는 경주에서 성실하게 병무행정직으로 근무하며, 안정적인 공직 생활과 소소한 식도락 및 자기 관리를 통해 삶의 만족을 …
A0376	A	24	여자	일반 간호사	인천	인천-미추홀구	#직장인	최예나 씨는 인천 미추홀구에서 3세대 가족과 함께 살며, 병원의 치열함과 일상의 정적인 휴식 사이에서 균형을 잡으려 노력하는 …
A0377	A	34	남자	그 외 상점 판매원	충청남	충청남-천안시 서북구	#직장인	박상윤 씨는 천안 도매 시장의 능숙한 판매원이자, 2000년대 노래와 스포츠 숏츠에 열광하며 가족과 반려견을 아끼는 34세의 …
A0378	A	28	여자	전자제품 제조 기계 조작원	경기	경기-성남시 분당구	#직장인 #테크회의론	조윤정 씨는 분당의 정돈된 도시에서 기계 조작원으로 성실히 일하며 가족을 부양하는 책임감 강한 가장이자, 고분군의 곡선과 게임…
A0379	A	23	남자	총무 사무원	경상남	경상남-김해시	#고디지털 #직장인 #테크회의론	정승은 씨는 김해에서 나고 자라 실용적인 사고방식을 가진 23세의 총무 사무원으로, 자연 속의 휴식과 전자기기에 관심이 많은 …
A0380	A	26	남자	반도체공학 기술자 및 연구원	서울	서울-서초구	#고디지털 #직장인 #테크회의론	최민수 씨는 서초구의 안정적인 환경에서 자라 반도체 공정의 정밀함을 추구하는 연구원이 되었지만, 정적인 생활 습관과 스트레스로…
A0381	A	25	남자	염색기 조작원	경기	경기-안양시 동안구	#직장인	최재혁 씨는 안양에서 근무하는 유능한 염색기 조작원으로, 고소득을 바탕으로 미식과 스포츠 관람을 즐기며 건강 관리가 필요한 2…
A0382	A	29	여자	간호조무사	경기	경기-안산시 단원구	#직장인	이미록 씨는 안산에서 간호조무사로 일하며 더 나은 내일을 꿈꾸지만, 현실의 낮은 소득과 예민한 성격 사이에서 잔잔한 일상의 행…
A0383	A	32	남자	관세행정 사무원	경기	경기-안양시 만안구	#고디지털 #직장인	서수빈 씨는 안양에 뿌리를 둔 꼼꼼한 관세행정 전문가로, 안정적인 가정생활과 관세사 자격 취득이라는 목표 사이에서 성실하게 분…
A0384	A	22	남자	보안 관제원	광주	광주-광산구	#고디지털 #보안민감 #직장인	최인범 씨는 광주에서 보안 관제원으로 일하며 성실하게 미래를 준비하는, 정적인 휴식과 몰입의 시간을 사랑하는 22세 청년입니다…
A0385	A	27	남자	그 외 건설·전기 및 생산 관련 관리자	경기	경기-용인시 수지구	#직장인 #테크회의론	박연준 씨는 성실한 직장 생활과 철저한 자기관리 사이에서 균형을 찾으려 노력하며, 가족의 온기와 익숙한 일상의 평온함을 최고의…
A0386	A	28	남자	그 외 사회복지 관련 종사원	경상북	경상북-경주시	#직장인	이병웅 씨는 경주에서 공학적 전문성을 사회복지 시설 관리에 접목해 일하는 실용주의자로, 삼성 라이온즈에 대한 열정과 일식에 대…
A0387	A	31	남자	해외 영업원	서울	서울-마포구	#고디지털 #직장인	김용운 씨는 수학적 논리력과 사교성을 겸비한 해외 영업원으로, 마포구에서 아버지와 살며 체계적인 커리어 성장과 현실적인 쾌락 …
A0388	A	27	여자	그 외 교육 전문가	강원	강원-원주시	#가격깐깐 #직장인	노지현 씨는 원주에서 실무 중심의 교육 전문가로 활동하며 꼼꼼한 가계부 관리와 체계적인 자기관리 능력을 갖췄지만, 혈당 관리와…
A0389	A	21	남자	관세행정 사무원	충청북	충청북-청주시 흥덕구	#직장인	서민기 씨는 청주의 계획도시 감성과 유교적 가족관을 동시에 지닌 채, 관세 행정 전문가를 꿈꾸며 주짓수와 노포 탐방으로 삶의 …
A0390	A	22	남자	전직 그 외 일반 영업원, 현재 구직중	서울	서울-성북구	#고디지털 #비경제활동	이승안 씨는 성북구에 거주하며 꼼꼼한 영업 경력을 바탕으로 운영 지원직을 꿈꾸는, 내성적이고 책임감 강한 고도비만 청년 구직자…
A0391	A	33	남자	호텔 서비스원	부산	부산-사하구	#직장인	조동현 씨는 부산 사하구에서 거주하며 호텔리어로 일하는, 섬세한 감각과 즉흥적인 성격을 동시에 가진 33세 미혼 남성입니다.
A0392	A	33	여자	철도운송 관련 종사원	경기	경기-성남시 중원구	#직장인	최다은 씨는 철도 운송 분야의 전문성을 키우며 성남에서 남편과 함께 안정적인 일상을 가꾸어 나가는, 현실적이면서도 유연한 30…
A0393	A	37	남자	산업 안전원	세종	세종-세종시	#약관정독 #저디지털 #직장인	하건형 씨는 미학적 감수성과 산업 안전이라는 이질적인 두 영역 사이에서 균형을 잡으려 애쓰며, 외로운 도시 생활의 틈새를 예술…
A0394	A	22	남자	법무 사무원	경기	경기-시흥시	#고디지털 #약관정독 #직장인	권현서 씨는 법무 사무원의 꼼꼼함과 인문학적 감수성을 동시에 지닌, 배곧신도시에 거주하는 22세의 청년입니다.
A0395	A	31	남자	그 외 일반 영업원	서울	서울-송파구	#가격깐깐 #고디지털 #약관정독 #직장인	이인호 씨는 꼼꼼한 성격의 금융 영업직 종사자로, 아내와 함께하는 식도락 여행과 내 집 마련이라는 목표를 향해 성실하게 살아가…
A0396	A	38	남자	조사 전문가	경기	경기-평택시	#고디지털 #직장인	나용해 씨는 평택에서 유통 데이터 분석가로 일하며 내 집 마련의 꿈을 키우는, 느긋하지만 현실적인 30대 후반의 가장입니다.
A0397	A	32	남자	마케팅 전문가	서울	서울-동대문구	#고디지털 #약관정독 #직장인 #테크회의론	신동현 씨는 꼼꼼한 실무 능력과 법적 지식을 겸비한 스포츠 마케터로, 운동과 수집이라는 정반대의 취미를 동시에 즐기며 내실 있…
A0398	A	25	남자	금형원	경기	경기-평택시	#가격깐깐 #직장인	최상운 씨는 평택에서 정밀 금형 기술자로 일하며, 소박한 일상의 행복과 현실적인 안정을 추구하는 25세 청년입니다.
A0399	A	29	여자	광고 전문가	경기	경기-광명시	#직장인	조시연 씨는 섬세한 인문학적 시선으로 세상을 읽어내는 광고 전문가이며, 완벽주의적 성향과 신체적 콤플렉스 사이에서 균형을 찾아…
A0400	A	28	여자	음료 배달원	서울	서울-양천구	#직장인	문아련 씨는 양천구 골목을 누비는 배달원으로 일하며, 소박한 방 꾸미기와 자연 속 산책을 통해 삶의 안정을 찾는 실용적인 20…
A0401	A	38	여자	전직 국가행정 사무원, 현재 구직중	대구	대구-달서구	#고디지털 #비경제활동	구아영 씨는 대구 달서구에서 자가 아파트에 거주하며 공직 생활의 성실함과 개인의 자유 사이에서 균형을 찾는, 내실 있는 30대…
A0402	A	20	남자	단말기 및 통신 서비스 판매원	대구	대구-달서구	#약관정독 #직장인 #창업준비	유주원 씨는 대구 달서구에서 성실하게 휴대폰을 판매하며 미래의 창업을 꿈꾸지만, 내면의 예민함과 건강 관리의 소홀함이라는 과제…
A0403	A	22	남자	간호조무사	경기	경기-안산시 단원구	#직장인	김주민 씨는 안산에서 간호조무사로 근무하며 가족을 아끼고 자립을 꿈꾸는, 건강 관리가 필요한 20대 초반의 사교적인 청년입니다…
A0404	A	38	남자	전자제품 개발 기술자 및 연구원	충청남	충청남-천안시 서북구	#직장인	곽성운 씨는 천안에서 자동차 전자제어장치를 설계하는 전문 기술자로, 퇴근 후 하이볼 한 잔과 전자기기 수집으로 소소한 행복을 …
A0405	A	23	여자	그 외 기능 관련 종사원	서울	서울-중랑구	#저디지털 #직장인 #창업준비	박호정 씨는 중랑구에서 부모님과 거주하며 정교한 네일 기술로 창업을 꿈꾸는 23세 사회초년생으로, 미식과 웹툰을 통해 일상의 …
A0406	A	31	여자	관광버스 운전원	경기	경기-부천시 원미구	#직장인	김지혜 씨는 부천에 거주하며 인문학적 소양과 치밀한 운전 기술을 겸비한 관광버스 운전원으로, 예술적 감성과 현실적인 직업 사이…
A0407	A	24	여자	보육교사	대전	대전-동구	#저디지털 #직장인 #테크회의론	조은채 씨는 대전 동구에서 아이들의 마음을 보듬는 보육교사로 일하며, 맛집 탐방과 숏폼 콘텐츠로 일상의 소소한 행복을 찾는 2…
A0408	A	29	여자	보육교사	서울	서울-은평구	#직장인	유예빈 씨는 은평구에 거주하며 아이들의 성장을 돕는 보육교사로 일하며, 역사 유적지와 독립 서점을 사랑하는 정적인 취향과 현실…
A0409	A	30	남자	산업용로봇 조작원	경기	경기-수원시 영통구	#직장인	김세영 씨는 정밀한 기계 제어 능력과 예술적 감수성을 동시에 지닌 인물로, 안정적인 직장 생활 속에서도 창조적인 갈증을 느끼며…
A0410	A	26	여자	과학 교사	서울	서울-관악구	#고디지털 #직장인	이수빈 씨는 인문학적 감성과 과학적 논리를 겸비한 채, 관악구의 일상 속에서 실용적인 행복을 찾아가는 20대 과학 교사입니다.
A0411	A	36	남자	전기 용접원	경기	경기-시흥시	#고디지털 #직장인	박경석 씨는 시흥에서 정밀 용접 기술로 인정받으며 자신만의 공방을 꿈꾸는, 소탈하지만 내면의 외로움과 건강 고민을 가진 30대…
A0412	A	33	남자	자동차 부품 기술 영업원	광주	광주-서구	#직장인	이순주 씨는 인문학적 소양을 영업에 활용하는 자동차 부품 전문가이자, 고요한 예술적 취향과 고사양 게임이라는 상반된 휴식을 즐…
A0413	A	27	여자	그 외 조리사	서울	서울-은평구	#직장인	이지민 씨는 철저한 자기관리와 조리 전문성을 바탕으로 미래의 비스트로 운영을 꿈꾸는, 내면이 단단하고 세심한 20대 후반의 조…
A0414	A	29	남자	그 외 고객 상담 사무원	서울	서울-서대문구	#고디지털 #직장인	서하승 씨는 서울 서대문구에서 IT 고객 상담원으로 근무하며, 성실한 직장 생활과 소박한 취미 활동을 통해 삶의 균형을 찾아가…
A0415	A	20	남자	발전설비 기술자 및 연구원	경기	경기-안산시 단원구	#직장인	박의철 씨는 안산 공단에서 정밀한 전기 설비를 다루는 성실한 청년 기술자로, 소박한 일상 속에서 노포 여행과 야구 관람으로 삶…
A0416	A	36	여자	마케팅 전문가	서울	서울-강서구	#고디지털 #직장인	고초롱 씨는 서울 강서구에 거주하며 전문성을 인정받는 소매업 마케터이지만, 혈당 관리라는 숙제와 빵에 대한 집착 사이에서 아슬…
A0417	A	28	남자	교육 및 훈련 사무원	충청남	충청남-천안시 서북구	#고디지털 #직장인	강재인 씨는 화학 공장의 교육 사무원으로 일하며, 당뇨 관리와 인문학적 취향 사이에서 균형을 찾아가는 20대 후반의 청년입니다…
A0418	A	23	여자	지방행정 사무원	대구	대구-중구	#직장인 #테크회의론	배채현 씨는 대구 중구 주민센터에서 근무하는 23세 공무원으로, 안정적인 일상과 가족과의 유대를 소중히 여기며 퇴근 후의 정적…
A0419	A	31	남자	영업 관리 사무원	서울	서울-영등포구	#고디지털 #직장인	마영제 씨는 영등포에서 내 집 마련을 이룬 실속 있는 30대 직장인으로, 설계 전문성을 바탕으로 한 커리어 성장과 소박하지만 …
A0420	A	34	남자	플랜트공학 기술자 및 연구원	경기	경기-용인시 기흥구	#직장인	이필종 씨는 꼼꼼한 플랜트 기술자로서의 전문성과 내면의 불안을 예술과 자연을 통해 다스리는, 성실하고 다정한 30대 가장입니다…
A0421	A	33	남자	전자 부품 제조 기계 조작원	서울	서울-강남구	#직장인	남영빈 씨는 강남에 거주하며 전자 부품 제조 현장에서 탁월한 감각을 발휘하는 30대 초반의 실용주의자로, 관리직 전환과 내 집…
A0422	A	27	여자	전문 간호사	서울	서울-관악구	#직장인	최한별 씨는 전문성을 갖춘 중환자실 간호사로서 치열하게 일하며, 숲의 고요함과 웹툰의 즐거움으로 삶의 균형을 맞추려는 27세 …
A0423	A	27	여자	출판물 편집자	제주	제주-제주시	#직장인	김주은 씨는 이성적인 과학 전공 지식과 섬세한 편집자의 감각을 갖춘 채, 제주의 자연 속에서 정서적 안정을 찾으며 살아가는 2…
A0424	A	27	남자	그 외 데이터 및 네트워크 관련 전문가	서울	서울-광진구	#고디지털 #직장인	이현기 씨는 자양동의 정취 속에 살며 네트워크의 정밀함을 추구하지만, 일상에서는 고기 소맥과 캠핑으로 불안을 달래는 20대 후…
A0425	A	27	여자	마케팅 전문가	경기	경기-고양시 일산서구	#고디지털 #직장인 #테크회의론	심시온 씨는 일산에 거주하며 ICT 기술을 출판 마케팅에 접목해 데이터로 독자를 분석하는 27세의 전략가이자, 소금빵과 호수공…
A0426	A	31	여자	육아 도우미	서울	서울-노원구	#직장인	조현송 씨는 아이들을 사랑하는 전문 보육인을 꿈꾸며, 맛있는 음식과 나홀로 여행을 통해 삶의 균형을 찾아가는 30대 여성입니다…
A0427	A	32	여자	사회복지사	세종	세종-세종시	#직장인	이한솔 씨는 세종시의 정돈된 일상 속에서 사회복지사로 일하며 예술적 갈증을 독립 서점과 게임으로 채우는, 유연함과 엉뚱함을 동…
A0428	A	21	남자	전직 양식 조리사, 현재 구직중	경기	경기-수원시 영통구	#비경제활동	홍성훈 씨는 정교한 조리 기술과 성실함을 갖췄으나 변화에 민감하고 내성적인, 안정을 갈구하는 21세의 청년 구직자입니다.
A0429	A	39	남자	중앙정부 고위 공무원	서울	서울-서대문구	#약관정독 #저디지털 #직장인	강지헌 씨는 무결점 행정을 추구하는 꼼꼼한 고위 공무원이자, 정해진 일상의 안정을 사랑하지만 대사증후군의 위험을 안고 살아가는…
A0430	A	25	남자	전직 스포츠 감독, 현재 구직중	경기	경기-오산시	#비경제활동 #테크회의론	김상민 씨는 보건복지 전공과 스포츠 지도 경험을 갖춘 사교적인 구직자로, 활동적인 여가 생활을 즐기며 전문 스포츠 매니저를 꿈…
A0431	A	26	남자	크레인 운전원	서울	서울-은평구	#직장인	김하늘 씨는 항공 운송 현장의 정밀한 크레인 운전원이자, 은평구에서 형제들을 부양하며 치킨과 야구에 진심인 털털한 20대 가장…
A0432	A	26	여자	조사 전문가	서울	서울-강동구	#고디지털 #직장인	임세영 씨는 공학적 분석력과 섬세한 감수성을 동시에 지닌 채 강동구에서 데이터 분석 전문가를 꿈꾸며 살아가는 26세 직장인입니…
A0433	A	24	남자	육군 병사	경기	경기-수원시 권선구	#고디지털 #직장인	인상훈 씨는 꼼꼼한 설계 능력을 갖춘 육군 병사로, 전역 후 제조 업계의 신뢰받는 관리자를 꿈꾸며 정적인 휴식과 철저한 자기 …
A0434	A	30	남자	표백기 조작원	강원	강원-원주시	#직장인 #테크회의론	이성규 씨는 원주에서 섬유 공정 전문가로 성장하며 가족과 함께하는 평온한 일상과 혼자만의 고요한 휴식을 조화롭게 유지하는 30…
A0435	A	39	여자	회계 사무원	서울	서울-금천구	#고디지털 #직장인	박현서 씨는 가산디지털단지에서 ICT 역량을 갖춘 회계 사무원으로 근무하며, 식도락 여행과 웨이크보드로 삶의 활력을 찾는 39…
A0436	A	35	여자	일식 조리사	서울	서울-광진구	#직장인	선민영 씨는 섬세한 칼질과 배려심을 갖춘 일식 조리사로, 고요한 혼자만의 시간과 미식 탐구를 통해 삶의 균형을 잡는 35세 여…
A0437	A	31	남자	전직 산업용로봇 조작원, 현재 구직중	경기	경기-용인시 기흥구	#고디지털 #비경제활동	노상현 씨는 정밀한 로봇 조작 기술을 가진 전직 엔지니어로, 현재는 용인에서 부모님과 거주하며 식도락 여행과 축구 분석으로 구…
A0438	A	39	여자	사회복지사	경기	경기-고양시 일산동구	#고디지털 #직장인	김하나 씨는 일산에서 근무하는 꼼꼼한 사회복지사로, 계획적인 소비와 규칙적인 운동을 통해 삶의 균형을 잡으며 역사 여행과 음악…
A0439	A	36	남자	상품 기획자	서울	서울-동작구	#직장인	권준태 씨는 섬세한 업무 능력과 조용한 성품을 가진 30대 중반의 상품 기획자로, 가족과의 안정적인 일상과 건강 회복 사이에서…
A0440	A	34	남자	정보 시스템 운영자	서울	서울-노원구	#직장인	최병삼 씨는 노원구의 자가 아파트에 거주하며 교육 서비스 분야의 시스템 운영자로 일하는 30대 중반 남성으로, 안정적인 삶의 …
A0441	A	21	남자	마케팅 전문가	경상남	경상남-양산시	#고디지털 #직장인 #창업준비	정준목 씨는 양산의 안정감과 부산의 트렌디함을 동시에 가진 20대 초반의 마케터로, 꼼꼼한 관리보다는 즉흥적인 감각과 실행력으…
A0442	A	23	여자	전직 보육교사, 현재 구직중	경기	경기-수원시 장안구	#가격깐깐 #비경제활동	하서현 씨는 보육 현장의 실무 경험을 행정적 전문성으로 승화시키려는 23세의 구직자로, 꼼꼼한 기록 습관과 정적인 취미를 통해…
A0443	A	33	남자	자재 관리 사무원	서울	서울-강서구	#직장인	이진우 씨는 주거의 안정감을 바탕으로 예술적 취향과 개인의 행복을 추구하며, 넉살 좋은 성격으로 일상을 유연하게 살아가는 30…
A0444	A	28	여자	자동 재봉설비 조작원	서울	서울-강동구	#직장인	염혜진 씨는 강동구에서 정밀한 재봉 기술로 커리어를 쌓으며, 예술적 감각과 소소한 미식의 행복을 쫓는 20대 후반의 기술직 여…
A0445	A	28	남자	자동 조립라인 조작원	강원	강원-태백시	#직장인	장정엽 씨는 태백의 트레일러 공장에서 정밀 공정 제어를 담당하며, 퇴근 후에는 게임과 배달 음식으로 스트레스를 해소하는 현실적…
A0446	A	23	남자	통신기기 기술자 및 연구원	경기	경기-남양주시	#직장인	정정원 씨는 남양주에 거주하는 23세의 통신기기 연구원으로, 수학적 재능을 실무에 적용하는 해결사 기질과 사교적인 성격을 가진…
A0447	A	30	남자	그 외 조리사	충청남	충청남-아산시	#직장인	탁유태 씨는 공학적 효율성을 주방에 녹여내는 30세 조리사로, 고독한 휴식과 소소한 유흥 사이에서 자신만의 속도로 삶의 균형을…
A0448	A	32	남자	시각장애인 특수교육 교사	울산	울산-북구	#직장인	강승준 씨는 울산에서 시각장애 학생들을 가르치는 유연한 사고의 특수교사로, 일상의 소소한 휴식과 즉흥적인 즐거움을 통해 감정적…
A0449	A	25	남자	전직 방송 송출 장비 기사, 현재 구직중	서울	서울-구로구	#비경제활동	송정연 씨는 방송 송출 기술이라는 확실한 전문성을 갖췄음에도, 현재는 구로구의 낡은 골목길에서 재취업과 일상의 소소한 즐거움 …
A0450	A	35	남자	경·소형 화물차 운전원	부산	부산-강서구	#직장인	윤창섭 씨는 부산 강서구에서 성실하게 화물차를 운전하며 내 집 마련의 꿈을 키우는, 미식 기록과 휴식을 사랑하는 35세 남성입…
A0451	A	39	남자	그 외 전기공학 기술자 및 연구원	서울	서울-관악구	#직장인	한진현 씨는 교육학을 공부하다 기술직으로 전향한 섬세한 전기 기술자로, 부모님과 함께 살며 동네 어르신들을 돕는 작은 수리점의…
A0452	A	24	여자	유치원 교사	대전	대전-서구	#직장인	김규원 씨는 아이들의 마음을 읽어주는 섬세한 유치원 교사이자, 대전의 조용한 골목에서 심리학과 예술을 통해 내면의 불안을 다스…
A0453	A	32	남자	산업 안전원	대전	대전-유성구	#직장인	김기완 씨는 건설 현장의 안전을 책임지는 날카로운 실무 능력을 갖췄지만, 내면에는 예술적 방랑과 정적인 휴식을 갈망하는 30대…
A0454	A	34	여자	주방 보조원	경기	경기-평택시	#직장인	이혜림 씨는 평택에서 시부모님을 모시며 공공기관 주방 보조원으로 성실히 일하고, 요가와 복싱으로 스트레스를 관리하며 한식 전문…
A0455	A	26	남자	로봇공학 기술자 및 연구원	경기	경기-부천시 원미구	#직장인	윤민수 씨는 법학 지식을 겸비한 로봇 공학도로서, 부천의 익숙한 일상과 고요한 자연 속에서 휴식을 찾는 26세의 현실적인 직장…
A0456	A	22	여자	전직 여행 사무원, 현재 구직중	경기	경기-남양주시	#비경제활동	김지민 씨는 완벽주의 성향을 가진 전직 여행 사무원으로, 남양주에 거주하며 구직 활동과 함께 뷰티, 전시 관람 등 세련된 도시…
A0457	A	28	여자	화학 시험원	인천	인천-서구	#직장인	이주연 씨는 인천의 화학 시험원으로서 전문성을 쌓아가며, 자가 아파트의 안정감 속에서 네일 아트와 시티투어, 맛있는 음식으로 …
A0458	A	28	남자	그 외 공학 관련 기술자 및 시험원	경기	경기-용인시 기흥구	#저디지털 #직장인	홍영현 씨는 교육학 전공을 살려 제조 현장의 기술 소통을 돕는 28세 기술자로, 가족에 대한 애정과 식도락에 대한 열정, 그리…
A0459	A	21	남자	정보 시스템 운영자	경기	경기-성남시 중원구	#고디지털 #직장인	김경민 씨는 성남 중원구에서 동생들을 부양하는 21세의 젊은 가장이자, 클라우드 전문가를 꿈꾸며 시스템 운영 현장에서 실무 능…
A0460	A	38	여자	가전제품 설치 및 수리원	광주	광주-동구	#직장인 #테크회의론	이정하 씨는 광주 동구에서 인정받는 가전 수리 전문가이자, 기아 타이거즈와 파스타, 그리고 부모님과의 평온한 일상을 사랑하는 …
A0461	A	37	여자	통신장비 기사	경기	경기-부천시 소사구	#가격깐깐 #직장인	강아란 씨는 부천 소사구에서 통신장비 기사로 일하며, 정교한 기술적 성취와 소박한 일상의 안정을 동시에 추구하는 30대 후반의…
A0462	A	28	남자	그 외 기획 및 마케팅 사무원	서울	서울-노원구	#가격깐깐 #직장인	탁목은 씨는 노원구의 자가 아파트에 거주하며 꼼꼼한 업무 처리와 정갈한 생활 습관을 가진, 안정과 신뢰를 추구하는 20대 후반…
A0463	A	28	남자	국가행정 사무원	서울	서울-도봉구	#약관정독 #직장인 #테크회의론	이예준 씨는 도봉구에 거주하며 법무 행정의 전문성을 쌓아가는 꼼꼼하고 내향적인 성격의 국가행정 사무원입니다.
A0464	A	20	남자	철도운송 관련 종사원	경상남	경상남-창원시 진해구	#직장인	조동현 씨는 진해에서 철도 운송 업무를 수행하며 실리적인 삶을 추구하는 20세 청년으로, 운동과 트렌디한 소비를 즐기면서도 건…
A0465	A	31	여자	국가행정 사무원	인천	인천-서구	#직장인	이수아 씨는 인천 서구에서 국가행정 사무원으로 근무하며 안정적인 가정생활과 배드민턴, 게임 같은 소박한 취미를 통해 균형 잡힌…
A0466	A	38	남자	그 외 법률 관련 사무원	경기	경기-시흥시	#직장인	김민우 씨는 실무 능력이 탁월한 법률 사무원이자 법무사를 꿈꾸는 노력가이며, 소박한 취미와 가족에 대한 애정으로 삶의 균형을 …
A0467	A	24	남자	바텐더	경기	경기-수원시 권선구	#직장인	정창완 씨는 공학적 정밀함과 섬세한 공감 능력을 갖춘 바텐더로, 자가 아파트의 안락함 속에서 게임과 스노보드를 즐기며 소박한 …
A0468	A	33	남자	그 외 법률 관련 사무원	경기	경기-수원시 권선구	#직장인	조우진 씨는 수원에서 법률 사무원으로 일하며 미식과 볼링, 그리고 다육이 키우기에 푹 빠져 사는 33세 독신 남성입니다.
A0469	A	32	남자	전직 경리 사무원, 현재 구직중	서울	서울-강동구	#고디지털 #비경제활동	이해욱 씨는 꼼꼼한 업무 처리 능력을 갖춘 전직 경리 사무원이자 강동구에 자가를 보유한 32세 남성으로, 수영과 술자리를 통해…
A0470	A	26	남자	네트워크 시스템 개발자	전라남	전라남-나주시	#고디지털 #직장인	박성현 씨는 농학 전공의 네트워크 개발자로서 나주의 지역적 특색과 기술을 접목해 실용적인 스마트팜 시스템을 꿈꾸는, 정이 많고…
A0471	A	31	남자	지게차 운전원	인천	인천-부평구	#직장인	오종일 씨는 부평 공단의 성실한 지게차 운전원으로, 책임감 있는 직장 생활과 소박한 가정생활 사이에서 균형을 잡으며 살아가는 …
A0472	A	33	남자	그 외 기계공학 기술자 및 연구원	서울	서울-도봉구	#고디지털 #직장인	이호현 씨는 도봉구에 자가를 보유한 고소득 정밀 기계 기술자로, 일식 미식 탐방과 가전 분해라는 확고한 취향을 가진 30대 가…
A0473	A	29	남자	산업 안전원	부산	부산-사하구	#저디지털 #직장인	김경원 씨는 세심한 공감 능력과 철저한 전문성을 갖춘 산업 안전원이지만, 내면의 정서적 소모가 커서 고요한 휴식과 미식으로 스…
A0474	A	24	남자	플라스틱 사출기 조작원	인천	인천-부평구	#직장인	길승호 씨는 부평의 플라스틱 사출 현장에서 정교한 감각을 발휘하는 기술자이자, 야구장과 보드게임으로 일상의 활력을 찾는 20대…
A0475	A	36	남자	자재 관리 사무원	경기	경기-남양주시	#고디지털 #직장인	김정석 씨는 정보통신기술 전문성을 갖춘 자재 관리자로, 이혼 후 남양주에서 정적인 일상과 게임, 자연을 통해 심리적 안정을 찾…
A0476	A	29	남자	보육교사	경기	경기-부천시 원미구	#직장인	김연웅 씨는 아이들에게는 인기 만점인 쾌활한 보육교사지만, 정작 자신의 건강 관리와 행정 업무는 뒤로 미루는 20대 후반의 청…
A0477	A	32	남자	관세행정 사무원	서울	서울-광진구	#직장인	한지훈 씨는 꼼꼼한 관세행정 업무 능력과 효심을 갖췄지만, 건강 관리와 독립이라는 과제를 안고 살아가는 30대 직장인입니다.
A0478	A	39	여자	일식 조리사	서울	서울-성북구	#직장인 #테크회의론	장규비 씨는 인문학적 소양을 요리에 접목해 자신만의 미학을 만들어가는, 성북구에 터를 잡은 실력 있는 일식 조리사입니다.
A0479	A	28	남자	산업 안전원	서울	서울-동대문구	#약관정독 #직장인	백주상 씨는 효율적인 공학적 사고와 자유로운 공간 탐색 욕구를 동시에 가진, 실천적 야심과 여유를 겸비한 20대 산업 안전 전…
A0480	A	28	남자	간호조무사	경기	경기-안산시 상록구	#직장인 #창업준비	김창녕 씨는 안산에서 근무하는 간호조무사로, 예술적 감수성과 실용적인 삶 사이의 균형을 잡으며 소품샵 창업이라는 꿈을 키워가는…
A0481	A	28	남자	영업 관리 사무원	전라남	전라남-장흥군	#고디지털 #직장인	서영국 씨는 전남 장흥에서 농산물 유통을 관리하는 수학 전공자로, 논리적인 업무 처리 능력과 남도의 넉넉한 정서를 동시에 지닌…
A0482	A	35	남자	강구조물 건립원	대전	대전-서구	#직장인	방일현 씨는 대전에서 강구조물 건립원으로 일하며 가족을 부양하는 책임감 있고 사교적인 남성이지만, 건강 관리와 정리정돈에는 다…
A0483	A	26	남자	전직 컴퓨터 소프트웨어 개발 관리자, 현재 구직중	서울	서울-성북구	#고디지털 #비경제활동 #테크회의론	한세환 씨는 성북구에 거주하며 금융 IT 제품 관리자로의 복귀를 꿈꾸는, 냉철한 이성과 역동적인 취미를 동시에 가진 26세의 …
A0484	A	38	여자	예약 및 접수 사무원	서울	서울-송파구	#직장인	장윤주 씨는 송파구에서 예술 서비스직으로 근무하며 자가 아파트의 안락함과 소박한 취미 생활 속에서 삶의 균형을 꾸려가는 38세…
A0485	A	23	여자	보육교사	부산	부산-해운대구	#직장인	김주해 씨는 해운대의 정겨움과 Z세대의 감성을 동시에 지닌 보육교사로, 타인에 대한 공감 능력과 내면의 예민함을 함께 안고 살…
A0486	A	32	여자	홍보 전문가	부산	부산-해운대구	#직장인 #테크회의론	이경란 씨는 부산 해운대에서 유능한 홍보 전문가로 일하며, 반려견과 남편 그리고 소소한 빵집 투어로 삶의 균형을 맞추는 32세…
A0487	A	32	여자	그 외 화학제품 생산기 조작원	충청남	충청남-천안시 서북구	#직장인	이승은 씨는 천안 공단에서 정밀한 공정 조작자로 일하며, 퇴근 후 만화카페와 맛집 탐방으로 소소한 행복을 찾는 계획적인 30대…
A0488	A	21	남자	자재 관리 사무원	경기	경기-용인시 처인구	#고디지털 #직장인	서성덕 씨는 용인에서 근무하는 21세 자재 관리원으로, 현실적인 커리어 성장과 식도락의 즐거움을 동시에 추구하는 청년입니다.
A0489	A	29	남자	신용 추심원	서울	서울-송파구	#고디지털 #직장인 #테크회의론	정지훈 씨는 송파구에서 신용 추심원으로 근무하며 고소득을 올리고 있지만, 고도비만과 고혈압 전단계라는 건강 문제를 안고 있는 …
A0490	A	32	여자	보육교사	강원	강원-강릉시	#직장인 #테크회의론	김예진 씨는 강릉에서 아이들의 마음을 보듬는 보육교사로 일하며, 가죽 공예와 캠핑을 통해 내면의 평온을 찾는 안정적인 삶을 지…
A0491	A	32	남자	국가행정 사무원	경기	경기-평택시	#직장인	정도운 씨는 평온한 일상과 무탈한 직장 생활을 최우선으로 여기며, 유연한 처세술과 소박한 취향으로 자신만의 작은 평화를 지켜나…
A0492	A	32	남자	철도교통 관제사	인천	인천-계양구	#저디지털 #직장인	조영훈 씨는 계양구의 안정적인 환경 속에서 철도 관제사로 근무하며, 소소한 취미와 가정의 평온함을 중시하는 30대 가장입니다.
A0493	A	27	남자	의무 기록사	경상남	경상남-밀양시	#고디지털 #직장인	정규환 씨는 밀양에서 꼼꼼한 성격의 의무 기록사로 근무하며 높은 소득과 독립적인 생활을 누리지만, 고도비만과 혈당 문제라는 건…
A0494	A	39	남자	생산관리 사무원	충청북	충청북-청주시 상당구	#고디지털 #직장인	조준수 씨는 청주에서 농산물 생산 관리를 맡아 꼼꼼하게 일하며, 아버지와의 유대감과 정적인 휴식을 통해 삶의 균형을 유지하는 …
A0495	A	29	여자	사회복지사	경기	경기-성남시 수정구	#직장인	유태영 씨는 성남에서 사회복지사로 근무하며 다정한 인간관계와 감각적인 공간 꾸미기를 통해 삶의 균형을 찾아가는 29세 여성입니…
A0496	A	22	남자	중식 조리사	부산	부산-해운대구	#직장인	권진혁 씨는 부산 해운대에서 활동하는 섬세한 감각의 22세 중식 조리사로, 나홀로 미식 여행과 게임을 통해 스트레스를 해소하며…
A0497	A	20	남자	가구 도장기 조작원	서울	서울-강남구	#직장인	손윤서 씨는 강남의 세련된 도시 감성과 옛 골목의 정서를 동시에 품은 채, 정교한 가구 도장 기술로 자신만의 예술적 공방을 꿈…
A0498	A	23	남자	간호조무사	경기	경기-부천시 원미구	#직장인	임동민 씨는 부천에서 성실하게 근무하는 23세 간호조무사로, 세심한 직무 능력과 먹거리 여행을 즐기는 외향적인 면모를 동시에 …
A0499	A	31	남자	선반기 조작원	경기	경기-시흥시	#고디지털 #직장인 #테크회의론	김병록 씨는 정밀한 기계 가공 기술과 섬세한 예술적 감수성을 동시에 품은 채, 시흥의 공단 지역에서 가족과 함께 소박한 행복을…
A0500	A	33	남자	산업 안전원	경기	경기-이천시	#약관정독 #직장인	이현석 씨는 따뜻한 공감 능력으로 현장을 돌보는 산업 안전원이자, 자연과 예술을 사랑하며 소박한 일상의 행복을 찾는 30대 가…
A0501	A	29	여자	일반 간호사	대구	대구-달서구	#직장인	장민지 씨는 대구 달서구에서 자가를 보유한 29세 간호사로, 인문학적 감수성과 현실적인 전문성을 동시에 갖춘 식도락가입니다.
A0502	A	33	남자	토목안전 기술자	서울	서울-성동구	#직장인	김재완 씨는 성동구에 자가를 보유한 유능한 토목안전 기술자로, 실무 능력은 탁월하나 행정 처리에 서툴며 맛있는 음식과 등산으로…
A0503	A	21	남자	산업 안전원	부산	부산-연제구	#직장인	정형준 씨는 부산 연제구에서 가족을 극진히 챙기며 자동차 제조업 안전원으로 성실하게 근무하는, 책임감 강하고 다정한 21세 청…
A0504	A	30	여자	그 외 스포츠 및 레크리에이션 관련 전문가	서울	서울-강남구	#가격깐깐 #고디지털 #직장인	최예솔 씨는 ICT 전문성을 스포츠 현장에 녹여낸 스마트한 전문가이자, 강남에서 동생들을 부양하며 소박한 빵과 숲길 산책에서 …
A0505	A	26	남자	전직 열차 객실 승무원, 현재 구직중	충청남	충청남-아산시	#비경제활동	김우현 씨는 농학 지식과 서비스 경력을 합쳐 스마트팜 전문가를 꿈꾸는, 세심하면서도 정이 많은 20대 구직자입니다.
A0506	A	31	남자	법무사	경기	경기-안성시	#직장인 #테크회의론	이건호 씨는 공학적 지식을 겸비한 안성시의 법무사로, 부모님과 함께 거주하며 소박한 일상과 자연 속의 휴식을 즐기는 인물입니다…
A0507	A	39	여자	일반 간호사	경기	경기-평택시	#직장인	배하나 씨는 평택에서 근무하는 베테랑 간호사이자, 부모님을 살뜰히 챙기며 달콤한 디저트와 노포 맛집 탐방으로 삶의 활력을 찾는…
A0508	A	23	남자	철도운송 관련 종사원	경상남	경상남-창원시 의창구	#고디지털 #직장인	박동형 씨는 철도 통신망을 다루는 젊은 기술자로, 서브컬처와 식도락 여행을 사랑하며 직관적인 문제 해결 능력과 유연한 사교성을…
A0509	A	38	남자	전직 119 구조대원, 현재 구직중	경기	경기-수원시 권선구	#비경제활동	이도영 씨는 수원에 거주하며 안전 관리직 재취업을 꿈꾸는 전직 119 구조대원으로, 풍부한 보건 지식에도 불구하고 비만과 고혈…
A0510	A	25	남자	상품 기획자	인천	인천-미추홀구	#직장인	최정훈 씨는 인문학적 감수성과 플라스틱 제조 현장의 실무 능력을 동시에 갖춘, 조금은 느긋하고 섬세한 20대 상품 기획자입니다…
A0511	A	23	여자	음식 서비스 종사원	서울	서울-서초구	#직장인	천봄희 씨는 법학 전공자로서의 지식과 음식점 종사자라는 현실 사이에서 방황하며, 서초구의 화려함 뒤에 숨어 불안과 무기력함을 …
A0512	A	26	남자	품질 관리 사무원	서울	서울-은평구	#고디지털 #직장인	박건우 씨는 은평구에서 다세대 주택을 소유하고 펄프 제조사 품질 관리직으로 근무하며, 성실한 경제활동과 소박한 일상의 행복을 …
A0513	A	21	남자	산업 안전원	경기	경기-포천시	#직장인	이태희 씨는 할머니를 향한 깊은 효심과 직업적 책임감을 동시에 갖춘, 포천의 정서를 품은 성실한 21세 산업 안전원입니다.
A0514	A	24	남자	전직 건축감리 기술자, 현재 구직중	서울	서울-강동구	#비경제활동	김정민 씨는 건설 현장의 실무 경험과 인문학적 소양을 모두 갖췄으나, 현재는 심리적 여유와 평범한 일상을 되찾기 위해 구직 중…
A0515	A	24	여자	음료 서비스 종사원	서울	서울-동대문구	#직장인 #창업준비	이혜미 씨는 동대문구에 거주하며 카페 근무와 디저트 숍 창업 준비를 병행하는, 외향적이지만 내면의 불안과 예민함을 간직한 20…
A0516	A	30	남자	통신장비 기사	경기	경기-여주시	#고디지털 #직장인	최우석 씨는 여주에서 통신장비 기사로 일하며 일찍이 내 집 마련을 이룬, 운동과 인테리어에 진심이지만 식탐 앞에서는 무너지는 …
A0517	A	24	여자	지게차 운전원	인천	인천-부평구	#저디지털 #직장인	이유진 씨는 화학 공단의 정교한 지게차 운전원으로 일하며, 자신의 취향이 담긴 집 꾸미기와 활동적인 스포츠로 삶의 균형을 맞추…
A0518	A	32	남자	교통 계획 및 설계가	경기	경기-화성시	#고디지털 #직장인 #테크회의론	하기하 씨는 화성시에서 활동하는 논리적이고 꼼꼼한 교통 설계가로, 정적인 역사 여행과 정교한 당구의 세계를 즐기며 계획적인 삶…
A0519	A	36	남자	식품학 연구원	전북	전북-군산시	#직장인	유성수 씨는 군산에서 고령자용 케어푸드를 연구하는 식품학 연구원이자, 가족의 화목과 자신의 외적 가꿈을 동시에 챙기는 세심한 …
A0520	A	21	남자	음식 서비스 종사원	경기	경기-수원시 팔달구	#직장인	정성주 씨는 타인의 감정을 읽는 섬세한 서비스 역량을 가졌으나 건강 관리와 꼼꼼함이 부족한, 수원 행궁동의 정서가 배어 있는 …
A0521	A	29	여자	산업 안전원	전북	전북-김제시	#직장인	김영은 씨는 김제에서 산업 안전원으로 근무하며 K-팝 댄스와 빵지순례로 스트레스를 푸는, 책임감 강하면서도 식탐 많은 29세 …
A0522	A	27	여자	초등학교 교사	충청남	충청남-천안시 서북구	#직장인	김민지 씨는 천안 불당동에서 거주하며 아이들을 사랑하는 초등교사로 일하며, 사진과 독서 그리고 자연 여행을 통해 일상의 균형을…
A0523	A	22	여자	중식 조리사	대구	대구-남구	#직장인	김미나 씨는 대구에서 짬뽕 맛을 책임지는 실력파 젊은 중식 조리사로, 현실적인 감각과 성실함을 바탕으로 자신만의 작은 식당을 …
A0524	A	31	남자	육군 부사관	서울	서울-관악구	#직장인	안용훈 씨는 관악구에 거주하며 실무 능력이 탁월한 육군 부사관으로, 안정적인 미래를 설계하면서도 소소한 도시의 취향과 휴식을 …
A0525	A	22	여자	출판 및 자료편집 사무원	서울	서울-강동구	#직장인	홍지 씨는 꼼꼼한 교육 콘텐츠 편집자로 일하며 경제적 자립을 꿈꾸는 22세 사회초년생으로, 활발한 사교성과 내면의 예민함이 공…
A0526	A	28	여자	입학 사정관	경기	경기-남양주시	#직장인	최효선 씨는 고소득 입학 사정관으로서의 철저한 직업 정신과 인문학적 감수성을 지녔으며, 뷰티 케어와 미식, 스파를 통해 예민한…
A0527	A	21	여자	상표 부착기 조작원	충청남	충청남-부여군	#저디지털 #직장인	이휘원 씨는 충남 부여의 식료품 공장에서 꼼꼼하게 상표를 붙이며, 소박한 일상과 맛있는 음식, 가족과의 시간을 통해 삶의 안정…
A0528	A	30	남자	육군 병사	경기	경기-의정부시	#고디지털 #직장인 #테크회의론	신희수 씨는 의정부에서 부모님과 거주하며 군 복무 중인 30세 건설공학 석사 출신 병사로, 꼼꼼한 성격과 전공 역량을 바탕으로…
A0529	A	39	여자	건축 제도사	부산	부산-사상구	#직장인	강주영 씨는 부산 사상구에서 근무하는 유능한 건축 제도사로, 롯데 자이언츠에 대한 열정과 소소한 미식 생활을 통해 삶의 균형을…
A0530	A	23	여자	건축 관련 관리자	경기	경기-남양주시	#직장인	김서연 씨는 거친 건설 현장과 섬세한 예술적 감성 사이에서 균형을 잡으며, 소박한 일상의 평온함과 미식의 즐거움을 소중히 여기…
A0531	A	34	남자	품질 관리 사무원	부산	부산-강서구	#직장인	최호원 씨는 부산 강서구에서 성실하게 근무하는 품질 관리 전문가이자, 내면의 불안을 정적인 취미와 가족의 평온함으로 다스리며 …
A0532	A	20	여자	플라스틱제품 조립원	충청북	충청북-청주시 서원구	#직장인	이유정 씨는 일찍 사회에 뛰어들어 성실하게 플라스틱 부품을 조립하며, 소박한 취미와 건강 관리 사이에서 균형을 찾아가는 스무 …
A0533	A	34	남자	산업 안전원	울산	울산-북구	#직장인	최세웅 씨는 울산의 화학 공단에서 실무 능력을 인정받는 안전 관리자이며, 건강 관리와 나른한 휴식 사이에서 갈등하는 30대 직…
A0534	A	27	남자	운송장비 청소원	서울	서울-동대문구	#직장인	이민석 씨는 꼼꼼한 손길로 농기계를 닦아내는 성실한 청년이자, 맛있는 음식과 소박한 휴식에서 삶의 행복을 찾는 동대문구의 주민…
A0535	A	21	남자	그 외 상점 판매원	경상북	경상북-김천시	#직장인 #창업준비	조현일 씨는 김천에서 성실하게 일하며 조부모님을 모시는 예의 바른 청년이자, 그루밍과 빵집 창업이라는 현대적인 꿈을 쫓는 21…
A0536	A	26	여자	그 외 기획 및 마케팅 사무원	경기	경기-동두천시	#고디지털 #직장인	김진솔 씨는 감각적인 마케팅 역량을 가졌지만 꼼꼼함이 부족한, 자연의 평온함과 디지털 세상의 탐험을 동시에 사랑하는 20대 직…
A0537	A	34	여자	교육 및 훈련 사무원	충청남	충청남-천안시 동남구	#직장인 #테크회의론	백보라 씨는 천안에서 교육 행정 전문가를 꿈꾸며 꼼꼼한 성격과 미식에 대한 집착으로 일상의 균형을 찾아가는 34세 직장인입니다…
A0538	A	26	여자	전직 유치원 교사, 현재 구직중	경기	경기-파주시	#비경제활동	박지운 씨는 예술적 감수성을 갖춘 전직 유치원 교사로, 파주의 여유로운 환경 속에서 건강 관리와 재취업이라는 과제를 안은 채 …
A0539	A	35	여자	그 외 상점 판매원	경기	경기-남양주시	#직장인	홍희수 씨는 남양주에서 내 집 마련의 꿈을 이룬 35세 판매원으로, 예리한 업무 능력과 즉흥적인 삶의 태도를 동시에 가진 현실…
A0540	A	20	여자	그 외 산업 안전 및 위험 관리원	충청남	충청남-예산군	#직장인 #테크회의론	정서연 씨는 충남 예산의 금속 공장에서 실무 능력을 인정받는 20세 안전 관리자로, 퇴근 후 헬스와 사진 촬영으로 긴장을 풀며…
A0541	A	29	남자	농약 및 비료 시험원	충청남	충청남-보령시	#고디지털 #직장인 #테크회의론	서지환 씨는 보령에서 정밀한 분석 업무를 수행하는 20대 후반의 직장인으로, 철저한 책임감과 정적인 휴식 사이에서 균형을 찾으…
A0542	A	24	남자	보육교사	광주	광주-서구	#직장인	임재준 씨는 공학적 재능을 보육 현장에 접목한 20대 청년으로, 가족과 친구 사이의 유대감을 중시하며 현실적인 성장을 꿈꾸는 …
A0543	A	22	여자	치과위생사	서울	서울-마포구	#직장인	김조은 씨는 마포구 망원동에 거주하며 체계적인 자기관리와 다정한 공감 능력을 갖춘 22세의 성실한 치과위생사입니다.
A0544	A	20	남자	우편집배원	경기	경기-의정부시	#직장인	양승재 씨는 의정부의 골목을 누비는 넉살 좋은 20세 우편집배원으로, 건강을 위해 땀 흘려 운동하고 주말에는 전국의 맛집을 찾…
A0545	A	31	남자	통신망 운영 기술자 및 연구원	경기	경기-수원시 영통구	#고디지털 #직장인	정수현 씨는 실력 있는 통신 기술자이자 다정한 아들이지만, 낮은 소득과 건강 적신호라는 현실적인 불안감을 안고 더 안정적인 내…
A0546	A	27	여자	관리 비서	경기	경기-수원시 영통구	#가격깐깐 #고디지털 #직장인	최소정 씨는 수원 영통의 정돈된 환경 속에서 성장해 꼼꼼한 업무 처리 능력과 강한 책임감으로 가계와 직장을 동시에 이끄는 20…
A0547	A	38	여자	임상영양사	경기	경기-부천시 원미구	#고디지털 #직장인	오희연 씨는 정보통신기술과 영양학을 결합한 전문성으로 고소득을 올리는 임상영양사이며, 예술적 감성과 예민한 내면을 정적인 휴식…
A0548	A	34	남자	위험 관리원	경기	경기-포천시	#직장인	이민수 씨는 포천의 폐기물 처리 시설에서 일하는 위험 관리자로, 가족을 향한 헌신과 혼자만의 게임 시간이 균형을 이루는 삶을 …
A0549	A	30	여자	변리사	경상남	경상남-거제시	#직장인	오지원 씨는 거제도에서 활동하는 유능하지만 덜렁거리는 성격의 변리사로, 사회적 성취와 개인의 평온함 사이에서 균형을 찾으려 노…
A0550	A	21	남자	산업 특화 소프트웨어 프로그래머	서울	서울-용산구	#고디지털 #직장인	박서원 씨는 건축의 논리와 예술의 감성을 코드로 연결하려는 21세의 젊은 프로그래머입니다.
A0551	A	37	남자	골프장 캐디	부산	부산-중구	#직장인	김선익 씨는 부산 중구에서 나고 자라 어머니를 모시며 성실하게 일하는 37세 골프장 캐디로, 내 집 마련의 꿈을 향해 달려가는…
A0552	A	23	남자	회계 사무원	서울	서울-금천구	#고디지털 #직장인	윤준호 씨는 금천구에서 회계 사무원으로 일하며 엑셀 실무 능력은 탁월하지만 건강 관리에 서툴고, 노포 맛집 탐방과 게임으로 쉼…
A0553	A	34	남자	영업 관리 사무원	광주	광주-북구	#약관정독 #직장인 #테크회의론	전민호 씨는 공학적 꼼꼼함과 외향적 사교성을 겸비한 영업 관리자로, 건강에 대한 불안을 수영과 식단 관리로 극복하며 가족과 지…
A0554	A	25	남자	교육 및 훈련 사무원	전라남	전라남-여수시	#고디지털 #직장인 #테크회의론	정연우 씨는 여수에서 가스 안전 행정 전문가로 일하며, 안정적인 소득과 가족의 온기 속에서 농구와 넷플릭스, 그리고 정적인 바…
A0555	A	29	남자	자재 관리 사무원	경상북	경상북-경주시	#저디지털 #직장인 #테크회의론	서경수 씨는 경주에서 산업용 기계 자재를 관리하며 효율적인 디지털 시스템 구축을 꿈꾸는, 조용한 자연과 전자기기를 사랑하는 2…
A0556	A	26	여자	광고 전문가	경기	경기-고양시 일산동구	#고디지털 #직장인	강원미 씨는 공학적 이성과 광고인의 감성을 모두 갖춘 채 일산에서 어머니와 함께 살며, 타인에 대한 배려와 숫자에 기반한 전문…
A0557	A	30	남자	회계 사무원	인천	인천-서구	#고디지털 #직장인	이성호 씨는 철저한 자기관리로 내 집 마련을 이룬 성실한 회계 사무원이지만, 밤마다 배달 음식의 유혹에 무너져 뱃살과 싸우는 …
A0558	A	25	남자	철도운송 관련 종사원	서울	서울-강서구	#직장인	조대성 씨는 수학적 감각으로 철도 운행을 관리하며 마곡동에서 친구와 자취하는, 건강하지만 예민한 구석이 있는 20대 사회초년생…
A0559	A	22	남자	통계 사무원	인천	인천-연수구	#고디지털 #직장인	조민제 씨는 데이터 분석 역량을 갖춘 금융권 통계 사무원이자, 송도의 야경과 성수동의 감성을 사랑하는 20대 청년입니다.
A0560	A	26	여자	전직 경리 사무원, 현재 구직중	경상북	경상북-칠곡군	#고디지털 #비경제활동	장주연 씨는 경북 칠곡에 거주하는 26세 전직 경리 사무원으로, 엑셀 능력은 뛰어나지만 덜렁거리는 면이 있으며, 게임과 빵집 …
A0561	A	29	남자	육군 병사	전라남	전라남-목포시	#직장인 #창업준비	김진명 씨는 목포의 정취를 사랑하는 예술적 감성의 육군 병사로, 군의 규율과 개인의 창의성 사이에서 균형을 잡으며 디자인 스튜…
A0562	A	24	남자	기계제품 생산 관리자	경상북	경상북-상주시	#고디지털 #직장인	백동현 씨는 상주 트레일러 공장의 디지털 전환을 꿈꾸는 정보통신기술 전공 생산 관리자로, 게임과 카페 투어를 통해 예술적 감성…
A0563	A	22	여자	자동 재봉설비 조작원	경기	경기-김포시	#직장인 #테크회의론	이효은 씨는 김포의 제조 현장에서 근무하며 보건복지 전공과 직무 사이의 괴리를 느끼지만, 소소한 쇼핑과 블로그 기록, 그리고 …
A0564	A	32	남자	형틀 목공	경기	경기-광명시	#직장인	이수일 씨는 거친 건설 현장의 정밀함을 책임지는 숙련된 형틀 목공이자, 정적인 취미와 고독한 일상을 통해 내면의 완성을 추구하…
A0565	A	32	여자	화학 연구원	광주	광주-북구	#고디지털 #직장인	진현경 씨는 광주에서 고소득 화학 연구원으로 근무하며 식물 가꾸기와 자연 여행으로 힐링하는, 내유외강 스타일의 30대 전문직 …
A0566	A	20	여자	단말기 및 통신 서비스 판매원	대구	대구-동구	#약관정독 #직장인	김사라 씨는 대구 동구에서 신뢰 기반의 영업을 펼치는 20세 휴대폰 판매원으로, 부모님과 함께 살며 반려견과 온천욕, 그리고 …
A0567	A	27	남자	생산관리 사무원	경기	경기-화성시	#고디지털 #직장인	문영우 씨는 세련된 동탄의 감성과 투박한 향남 공단의 현실을 동시에 살아가는, 데이터 기반의 스마트한 야심을 가진 20대 생산…
A0568	A	38	남자	무역 사무원	경기	경기-양주시	#직장인	김진수 씨는 꼼꼼한 업무 능력과 원칙적인 성격을 지녔지만, 건강 관리와 경제적 안정을 위해 고군분투하는 30대 후반의 무역 사…
A0569	A	32	남자	경·소형 화물차 운전원	경기	경기-시흥시	#직장인	이진영 씨는 시흥 공단 지역에서 성실하게 트럭을 운전하며 자신의 운송 사업체를 꿈꾸는, 가족애가 깊고 소박한 행복을 즐기는 3…
A0570	A	30	여자	전문 간호사	대전	대전-유성구	#고디지털 #직장인	신희진 씨는 전문 간호사로서의 성취감과 개인의 정적인 휴식 사이에서 자신만의 균형을 찾아가는 대전 유성구의 30대 전문직 여성…
A0571	A	35	남자	그 외 직조기 및 편직기 조작원	경기	경기-평택시	#직장인	백의형 씨는 성실한 기술력으로 자가를 마련한 평택의 숙련공이지만, 내면의 불안을 배달 음식과 운동이라는 상반된 습관으로 달래는…
A0572	A	32	여자	그 외 기획 및 마케팅 사무원	인천	인천-연수구	#직장인 #테크회의론	노예진 씨는 송도에서 마케팅 전문가로 성장하며 완벽함을 추구하지만, 내면의 예민함과 외면의 사교성 사이에서 균형을 찾아가는 3…
A0573	A	23	남자	그 외 금속·재료 공학 기술자 및 연구원	경상북	경상북-구미시	#고디지털 #직장인	이민석 씨는 구미 공단에서 근무하는 금속 공학 기술자로, 언론학 전공의 인문학적 소양과 실무적 기술력을 동시에 갖춘 채 자신만…
A0574	A	34	남자	인사 및 노무 사무원	경기	경기-하남시	#고디지털 #약관정독 #직장인	홍은택 씨는 공학적 이성과 스포츠 산업의 유연함을 동시에 갖췄으나, 고혈압과 비만이라는 건강 과제와 내면의 불안을 안고 살아가…
A0575	A	34	여자	보육교사	대구	대구-달서구	#직장인	김세희 씨는 대구에서 아이들의 상상력을 키워주는 보육교사로 일하며, 예술적 감성과 일상의 안정을 동시에 추구하는 34세 여성입…
A0576	A	25	여자	일반 간호사	전라남	전라남-완도군	#직장인 #테크회의론	최도현 씨는 완도에서 근무하는 꼼꼼한 간호사이자, 예술적 감성과 독립적인 생활 양식을 추구하는 20대 여성입니다.
A0577	A	27	남자	머시닝센터 조작원	경기	경기-시흥시	#고디지털 #직장인	이민수 씨는 마이크론 단위의 정밀함을 다루는 숙련된 기술자이자, 렌즈 너머로 세상의 온기를 기록하고 싶어 하는 낭만적인 청년입…
A0578	A	35	남자	금속코팅·광택 및 래미네이팅기 조작원	인천	인천-서구	#직장인	선경준 씨는 인천 서구의 금속 가공 현장에서 묵묵히 숙련도를 쌓아가는 성실한 기술자이자, 혼자만의 고요한 시간과 맛있는 음식으…
A0579	A	32	여자	약사	서울	서울-광진구	#직장인	이예은 씨는 서울에 자가를 마련한 실속 있는 30대 약사로, 효율적인 업무 처리와 소박한 식도락 생활을 통해 일과 삶의 균형을…
A0580	A	28	남자	그 외 법률 전문가	부산	부산-동래구	#직장인	이우현 씨는 공학적 지식을 법무 실무에 접목해 일하는 28세 청년으로, 부산 동래구에서 어머니와 함께 살며 소박한 휴식과 전문…
A0581	A	21	여자	관리 비서	서울	서울-광진구	#직장인	유휘영 씨는 서울 광진구에서 실리를 추구하며 능력 있게 일하는 21세의 전문 비서입니다.
A0582	A	24	남자	판금원	서울	서울-도봉구	#직장인	김진 씨는 도봉구에서 정밀 판금 기술을 익히며 내 집 마련을 꿈꾸는, 성실함과 고독함을 동시에 가진 20대 청년입니다.
A0583	A	21	여자	전직 머시닝센터 조작원, 현재 구직중	대구	대구-달서구	#비경제활동 #테크회의론	장혜진 씨는 정밀 가공 기술을 가진 21세 청년으로, 당뇨 관리와 구직 활동이라는 현실적인 과제를 안고 있으면서도 일상의 소소…
A0584	A	32	여자	그 외 인사 및 노사 관련 전문가	서울	서울-성북구	#약관정독 #직장인	이현주 씨는 성북동의 지적인 정서와 인사 전문가의 꼼꼼함을 갖췄으며, 가족을 향한 헌신과 흡연이라는 은밀한 스트레스 해소법을 …
A0585	A	34	여자	일반 간호사	서울	서울-강서구	#직장인 #테크회의론	김혜원 씨는 꼼꼼한 성격의 간호사로서 마곡에서 홀로 거주하며, 주말이면 가평과 양평의 맛집을 찾아다니는 소소한 미식 여행으로 …
A0586	A	26	남자	전직 바텐더, 현재 구직중	경기	경기-수원시 권선구	#비경제활동 #테크회의론	이우석 씨는 언론학의 분석적 시각과 바텐더의 유연한 소통 능력을 갖춘 26세 청년으로, 현재 구직의 불안함 속에서도 미식과 만…
A0587	A	33	남자	교통 계획 및 설계가	경기	경기-안양시 동안구	#고디지털 #직장인	박성남 씨는 안양 평촌에 거주하며 도로의 흐름을 설계하는 유능한 교통 계획가이지만, 정작 자신의 집안 정리와 당뇨 관리에는 서…
A0588	A	29	여자	국가행정 사무원	경기	경기-의정부시	#약관정독 #직장인 #테크회의론	서진영 씨는 보수적인 공직 생활과 자유분방한 사생활 사이의 간극을 고강도 웨이트 트레이닝과 자연 속의 휴식으로 메우며 살아가는…
A0589	A	36	여자	전기 감리 기술자 및 연구원	경기	경기-평택시	#직장인	백수정 씨는 평택의 건설 현장을 누비는 꼼꼼한 전기 기술자이자, 가족과 빵과 등산을 사랑하는 세심한 성격의 30대 여성입니다.
A0590	A	21	여자	작업치료사	경기	경기-용인시 처인구	#직장인	양에스더 씨는 처인구의 여유로운 분위기를 닮은 21세 작업치료사로, 정형화된 틀보다는 예술적 영감과 직관을 믿으며 환자와의 정…
A0591	A	37	여자	일반 간호사	경기	경기-안산시 상록구	#고디지털 #직장인	이지선 씨는 헌신적인 간호사의 삶과 예술적 감성을 갈망하는 개인의 자아 사이에서 균형을 잡으려 애쓰는 안산의 30대 여성입니다…
A0592	A	21	남자	전직 인사 및 노무 사무원, 현재 구직중	경기	경기-김포시	#고디지털 #비경제활동 #약관정독	채승훈 씨는 김포에 거주하며 안정적인 인사 행정직으로의 재취업을 꿈꾸는, 꼼꼼하지만 다소 정적인 21세 청년입니다.
A0593	A	22	남자	전직 경영 기획 사무원, 현재 구직중	서울	서울-송파구	#고디지털 #비경제활동	박영세 씨는 송파구에 거주하며 ICT 전공 지식과 소매업 실무 경험을 무기로 시스템 운영직 취업을 준비하는 22세 청년입니다.
A0594	A	29	여자	전직 언어재활사, 현재 구직중	경기	경기-수원시 장안구	#비경제활동 #테크회의론	서은재 씨는 세밀한 관찰력을 가진 전직 언어재활사로, 현재는 부모님 댁에서 정서적 안정과 새로운 시작 사이의 균형을 찾고 있는…
A0595	A	34	남자	무역 사무원	서울	서울-광진구	#직장인	정상민 씨는 무역 사무직의 꼼꼼함과 가족을 향한 책임감을 동시에 갖춘, 성실하고 현실적인 30대 가장입니다.
A0596	A	34	여자	그 외 전자공학 기술자 및 연구원	경기	경기-시흥시	#직장인	이민지 씨는 예술적 감수성을 지닌 고소득 전자공학 연구원으로, 배곧신도시의 안정된 가정환경 속에서 역사 여행과 게임을 즐기며 …
A0597	A	25	여자	데이터 분석가	서울	서울-영등포구	#고디지털 #직장인 #테크회의론	박다현 씨는 영등포에 거주하며 교육 데이터 분석가로 일하는 25세 여성으로, 이성적인 분석 능력과 따뜻한 가족애를 동시에 지닌…
A0598	A	24	여자	음식 서비스 종사원	대구	대구-남구	#직장인	이소희 씨는 인문학적 감수성과 서비스직의 현실 사이에서 균형을 잡으며, 평범하고 안정적인 미래를 꿈꾸는 20대 청년입니다.
A0599	A	29	남자	상담 전문가	전라남	전라남-곡성군	#직장인	양수성 씨는 꼼꼼한 업무 처리 능력을 갖춘 곡성의 상담 전문가로, 정적인 취향과 고도비만이라는 건강 고민을 동시에 가진 20대…
A0600	A	35	여자	상담 전문가	서울	서울-양천구	#가격깐깐 #직장인	최수지 씨는 법학적 전문성과 상담 능력을 겸비한 체계적인 전문가이자, 철저한 자기관리와 가계 운영을 통해 삶의 질서를 세워가는…
